Actual,Predicted,Error
6,-14.375288727156715,20.375288727156715
91,96.0371329893254,-5.0371329893254
49,51.77832983182489,-2.778329831824891
90,94.66210988815412,-4.66210988815412
15,28.834415228940493,-13.834415228940493
127,118.58388017415777,8.41611982584223
59,58.93319655899671,0.06680344100328739
53,66.21197727653626,-13.21197727653626
63,75.56946033634478,-12.569460336344775
53,82.51264584509619,-29.512645845096188
202,172.77293477071814,29.227065229281862
158,145.1138825406819,12.886117459318086
88,100.42882391826167,-12.42882391826167
120,121.69167567110983,-1.6916756711098344
133,128.6382229038055,4.361777096194487
3,-10.006099810421432,13.006099810421432
58,86.29934588210739,-28.29934588210739
53,73.07455599272436,-20.074555992724356
160,144.23083027130622,15.769169728693782
55,68.88242907298238,-13.882429072982376
50,72.3050143898749,-22.3050143898749
97,98.57304785321173,-1.5730478532117331
80,90.82626837866964,-10.826268378669639
83,91.65367084430527,-8.653670844305267
69,80.40817611763084,-11.408176117630845
176,153.46839177666817,22.53160822333183
10,2.409028338360713,7.590971661639287
122,116.54059825557755,5.4594017444224505
80,87.30551249003132,-7.305512490031319
37,34.04483140881581,2.95516859118419
42,58.330889291203036,-16.330889291203036
73,104.54524953877058,-31.545249538770577
19,-6.114802963196439,25.11480296319644
67,76.79011847223885,-9.790118472238845
54,78.35948769304848,-24.35948769304848
0,-34.539703977324734,34.539703977324734
82,88.11511240667653,-6.1151124066765306
51,52.167277292624064,-1.167277292624064
45,51.27579807312833,-6.275798073128328
48,48.62422791727311,-0.6242279172731102
8,-15.951427005270546,23.951427005270546
52,75.75849401830766,-23.75849401830766
43,36.83479561699233,6.165204383007669
44,58.45970041927575,-14.459700419275748
72,61.68426562313891,10.315734376861087
18,13.960805129058187,4.039194870941813
55,113.21447065215389,-58.21447065215389
49,62.63123202091757,-13.631232020917572
61,83.23843215597061,-22.238432155970614
32,27.373516438799783,4.626483561200217
46,46.894586896950884,-0.8945868969508837
168,151.90647305455178,16.093526945448218
55,66.3859501384032,-11.385950138403203
71,81.8806576310911,-10.880657631091097
13,29.98551458644308,-16.98551458644308
189,167.16995616873936,21.83004383126064
16,26.3645070488757,-10.364507048875701
176,150.76556741070925,25.234432589290748
44,69.96777980740087,-25.967779807400873
160,139.15333020030525,20.84666979969475
174,152.66764296115485,21.332357038845146
27,19.04024330195547,7.959756698044529
95,96.17889160568855,-1.1788916056885483
55,63.46830362283993,-8.468303622839933
4,-26.88677100355278,30.88677100355278
186,158.65254068728214,27.34745931271786
61,70.08294761896177,-9.082947618961768
56,68.33478524640962,-12.334785246409623
175,159.52925623800698,15.47074376199302
67,68.47987510591194,-1.479875105911944
72,81.37096130546777,-9.370961305467773
54,44.50985035968221,9.490149640317789
68,85.49169622578,-17.491696225780004
35,40.34566955788733,-5.345669557887327
15,3.7811414481143544,11.218858551885646
24,16.501128512265133,7.498871487734867
68,92.22519544207168,-24.22519544207168
10,14.08260766009348,-4.08260766009348
65,54.50643499885993,10.49356500114007
28,27.44008229512859,0.5599177048714097
129,125.52562991761403,3.474370082385974
48,74.23129004214086,-26.231290042140856
29,21.35925828664145,7.640741713358551
165,148.54039148378772,16.459608516212285
28,21.867051418238674,6.132948581761326
39,23.79672090384625,15.20327909615375
45,39.63030064762808,5.369699352371917
4,-15.970627599556309,19.97062759955631
47,70.3934565051396,-23.393456505139596
53,62.37699159180452,-9.376991591804519
16,24.35345809104603,-8.35345809104603
175,153.79421408646544,21.205785913534555
130,124.4381757904755,5.561824209524502
21,31.365541353252006,-10.365541353252006
77,87.71019821011637,-10.710198210116374
11,-1.4853811974800806,12.48538119748008
67,79.09881739317142,-12.098817393171416
139,132.45960947087985,6.540390529120145
9,-1.2865982113537484,10.286598211353748
57,76.34694268205031,-19.34694268205031
124,123.80721444070741,0.192785559292588
78,91.63328939100346,-13.633289391003458
147,133.6508109330061,13.349189066993887
30,26.917735771352497,3.082264228647503
23,9.918984796006427,13.081015203993573
83,72.15064613345756,10.849353866542444
42,36.55759633564989,5.44240366435011
33,45.03346213923653,-12.033462139236534
82,96.79336647003467,-14.79336647003467
6,-12.473285559714583,18.473285559714583
136,123.03429353171384,12.965706468286157
135,128.7114077652217,6.288592234778292
77,90.44295529481272,-13.44295529481272
68,75.74115733429038,-7.741157334290378
50,62.36925220055031,-12.369252200550306
13,18.660895447410482,-5.660895447410482
58,47.740615145970494,10.259384854029506
20,24.240002518795336,-4.240002518795336
202,175.10447690127086,26.895523098729143
79,87.9185941674236,-8.918594167423606
45,65.24775213861194,-20.247752138611943
53,57.77479660564508,-4.774796605645079
41,29.006603190057625,11.993396809942375
1,-34.34737042501999,35.34737042501999
38,28.875205875745884,9.124794124254116
121,120.79736093898359,0.20263906101641282
84,92.77228676968326,-8.772286769683262
18,6.266484500232039,11.733515499767961
76,76.64609822764218,-0.6460982276421845
78,89.876030827945,-11.876030827945002
49,72.21428978153693,-23.214289781536934
63,78.42469515406569,-15.424695154065688
192,161.5321304769414,30.467869523058596
186,163.8308849977651,22.16911500223489
26,27.61790878838972,-1.6179087883897196
78,100.34238703795668,-22.342387037956684
46,55.044880981037366,-9.044880981037366
64,62.26961183614464,1.730388163855359
59,73.86653670634593,-14.866536706345926
77,92.80688878618994,-15.806888786189944
51,53.2482631359028,-2.2482631359028034
50,67.98441890232299,-17.984418902322986
57,70.26561258802437,-13.265612588024368
6,-21.29134234871249,27.29134234871249
44,47.621714497637285,-3.621714497637285
174,153.10920596436046,20.890794035639544
167,158.98507360590156,8.014926394098438
46,37.918142475426436,8.081857524573564
56,44.692325731862866,11.307674268137134
14,0.4855700614293852,13.514429938570615
50,72.64200395116718,-22.642003951167183
61,62.21631733077278,-1.2163173307727817
55,59.40163926623649,-4.4016392662364865
67,82.2442510213473,-15.244251021347296
8,-13.283244602562064,21.283244602562064
75,93.74658577396771,-18.74658577396771
181,159.31387537758374,21.68612462241626
141,135.25358906639815,5.746410933601851
122,118.55527492619544,3.4447250738045625
39,37.04492117996609,1.9550788200339113
150,135.5431754374271,14.456824562572905
15,-9.0858667393463,24.0858667393463
187,161.99438399978425,25.005616000215753
62,75.3917772621375,-13.391777262137495
186,164.4878545710971,21.512145428902897
40,36.77120430368676,3.2287956963132416
137,131.05684114402868,5.943158855971319
91,98.42747370028717,-7.427473700287166
11,9.966432283266244,1.0335677167337565
77,100.60404900514526,-23.604049005145257
10,18.616797652700818,-8.616797652700818
6,-14.670642303824138,20.67064230382414
37,53.76062475500951,-16.76062475500951
46,67.31135100338268,-21.311351003382683
50,62.61477965416692,-12.614779654166917
211,172.6110242530645,38.3889757469355
28,28.03526759447633,-0.035267594476330544
158,137.7087476003488,20.2912523996512
84,96.2594717092672,-12.259471709267203
97,113.70339736926013,-16.70339736926013
69,67.03987046109795,1.960129538902052
43,64.52934919093131,-21.529349190931313
121,121.0957182480487,-0.09571824804869777
44,71.42172134075605,-27.42172134075605
137,127.83106774047044,9.168932259529555
62,85.60212333486459,-23.602123334864586
72,86.60164030556876,-14.601640305568765
3,-35.72253372540183,38.72253372540183
91,104.25268078439426,-13.252680784394258
195,165.49741474249763,29.502585257502375
54,66.18187467376153,-12.181874673761527
180,161.1790560357976,18.8209439642024
3,-29.171452659951726,32.171452659951726
51,54.288192165955266,-3.288192165955266
45,83.31663929861114,-38.316639298611136
51,89.03759789572248,-38.037597895722485
55,84.8682809033394,-29.868280903339397
0,-38.71204977264492,38.71204977264492
63,72.11088672810966,-9.110886728109662
168,147.7486093688279,20.251390631172086
22,17.694451163254485,4.3055488367455155
162,149.64895455611264,12.351045443887358
75,84.87249989091333,-9.872499890913332
159,140.03161819103894,18.968381808961055
16,3.8052776031047557,12.194722396895244
208,178.68178653537746,29.318213464622545
68,55.07535592151803,12.924644078481968
82,89.12465384045643,-7.124653840456432
46,67.5785768125718,-21.578576812571796
39,55.267850643508105,-16.267850643508105
83,105.92828088226435,-22.928280882264346
19,15.716177872855404,3.283822127144596
42,50.02369060274313,-8.02369060274313
36,38.88123477918019,-2.8812347791801898
81,94.69872831071818,-13.698728310718181
103,105.09867747561772,-2.09867747561772
41,52.73886843926274,-11.738868439262738
121,123.66615605896754,-2.6661560589675446
135,127.03054435126617,7.9694556487338275
173,151.55271578082568,21.44728421917432
68,92.28970000498055,-24.289700004980546
69,88.23135256817163,-19.23135256817163
171,152.06689778840558,18.933102211594417
43,79.99329820401317,-36.99329820401317
43,61.07935500541779,-18.07935500541779
90,95.71471185549804,-5.714711855498038
146,138.12627398882296,7.873726011177041
78,99.82065264182758,-21.82065264182758
31,45.5053624027248,-14.5053624027248
56,72.07847318145653,-16.07847318145653
193,163.45559527754375,29.54440472245625
171,150.03389981149166,20.966100188508335
37,65.82235189358062,-28.822351893580617
1,-25.62437489355905,26.62437489355905
12,-5.476870516899169,17.47687051689917
44,54.0553217027084,-10.055321702708397
40,57.66530334455204,-17.665303344552044
199,166.17149818220958,32.828501817790425
64,80.42398566254454,-16.42398566254454
179,159.62424687453014,19.375753125469856
86,91.10436197382091,-5.1043619738209145
143,130.66493700622445,12.335062993775551
52,62.612308014281155,-10.612308014281155
69,77.86627200570416,-8.866272005704161
32,36.79103997892533,-4.791039978925333
0,-29.237122957451476,29.237122957451476
8,-20.943231559096105,28.943231559096105
40,51.99568396697474,-11.995683966974738
43,63.762671034172136,-20.762671034172136
163,154.69658057268606,8.30341942731394
37,64.09125250859509,-27.09125250859509
73,78.28328237948269,-5.283282379482685
28,21.543155757360353,6.456844242639647
55,83.03651636509511,-28.03651636509511
49,54.89444327427478,-5.894443274274778
151,138.55368656040835,12.446313439591648
12,-13.04116205513209,25.04116205513209
42,39.35280712309583,2.647192876904171
12,-4.820245399212993,16.820245399212993
79,85.77100747558423,-6.771007475584227
42,25.090158531933724,16.909841468066276
20,15.665163451193784,4.334836548806216
122,119.47241445586232,2.527585544137679
121,122.5778541045206,-1.577854104520597
161,143.811995777913,17.188004222086988
94,102.57626764688764,-8.576267646887644
0,-39.55326199377035,39.55326199377035
48,70.75690044154743,-22.75690044154743
193,170.18711239336818,22.81288760663182
96,99.2660082862567,-3.2660082862567066
27,17.89042570776229,9.10957429223771
29,26.109227524036484,2.890772475963516
2,-25.0883932168166,27.0883932168166
60,56.846196336646464,3.1538036633535356
103,106.17546078053013,-3.1754607805301305
129,131.61794393469816,-2.617943934698161
153,142.62696076212558,10.373039237874423
96,99.72701922727157,-3.727019227271569
110,108.29230642981528,1.7076935701847162
112,111.90434650793719,0.09565349206280871
167,156.26134927759222,10.738650722407783
157,143.72656820842667,13.27343179157333
11,-5.580925207816151,16.58092520781615
134,123.96123845778615,10.038761542213848
0,-44.67078237318013,44.67078237318013
67,69.11764619356227,-2.1176461935622655
65,76.78499115653933,-11.784991156539334
33,59.596426946818454,-26.596426946818454
6,7.076322114797875,-1.0763221147978754
60,68.84075824551095,-8.840758245510955
7,-12.246288854568888,19.24628885456889
69,76.97012795645271,-7.970127956452714
75,83.61893945454506,-8.618939454545057
184,162.3445171799081,21.65548282009189
131,126.26877396265557,4.7312260373444275
129,126.32841302962058,2.6715869703794226
52,87.2084774808699,-35.2084774808699
7,-16.819062374633532,23.819062374633532
52,53.75894087370651,-1.758940873706507
87,102.05755889391835,-15.057558893918355
28,30.996096534690167,-2.9960965346901673
90,98.54539074958805,-8.545390749588051
142,132.17834112351457,9.82165887648543
161,150.21466298356614,10.785337016433857
8,19.82084148725714,-11.820841487257141
159,149.3618522335973,9.63814776640271
100,105.87391484664282,-5.873914846642819
23,42.83623729563608,-19.83623729563608
30,50.34428604267955,-20.34428604267955
54,54.174895302573596,-0.17489530257359576
92,102.48365786429643,-10.483657864296433
90,95.20668465421252,-5.206684654212523
130,122.99585945648566,7.004140543514339
172,153.14519403993125,18.854805960068745
76,93.22635798438722,-17.22635798438722
174,154.58081449094118,19.41918550905882
57,80.98613394132768,-23.98613394132768
65,70.42293187042475,-5.422931870424748
66,85.50961259778403,-19.509612597784027
21,14.774765891292219,6.225234108707781
15,-4.112370200489011,19.11237020048901
32,19.215007832146135,12.784992167853865
108,105.94658654123884,2.053413458761156
43,55.769621204184844,-12.769621204184844
46,87.60932022931226,-41.60932022931226
94,105.23143908023187,-11.231439080231866
103,102.4571908257165,0.5428091742835051
6,-24.019138206647668,30.019138206647668
60,70.90689319271628,-10.906893192716282
53,65.23034742807039,-12.230347428070388
119,117.08006221189324,1.9199377881067647
138,128.54317833074987,9.456821669250132
48,47.25103054885092,0.7489694511490796
44,56.35562042303656,-12.355620423036562
63,82.31736209021506,-19.317362090215056
171,146.3481060163295,24.651893983670504
63,80.02761044053392,-17.02761044053392
87,88.16952204478417,-1.1695220447841734
79,86.8973232046522,-7.897323204652196
55,81.65580265308908,-26.655802653089083
200,176.71633980570527,23.283660194294725
128,120.405179596303,7.594820403697
22,47.271098839863214,-25.271098839863214
96,98.06584854736971,-2.0658485473697112
30,37.733795082243965,-7.733795082243965
21,29.80425510325128,-8.804255103251279
44,47.64197873395711,-3.64197873395711
18,28.330098448119344,-10.330098448119344
181,154.76419470069493,26.23580529930507
117,112.4916946219615,4.5083053780385
146,131.3174308399512,14.682569160048814
43,51.39639252219521,-8.396392522195207
63,74.28301829731612,-11.283018297316119
16,-5.978824151850603,21.978824151850603
68,66.90318259496317,1.0968174050368305
66,76.56012903843695,-10.560129038436955
22,17.63071619202306,4.369283807976942
153,151.01674111572078,1.9832588842792234
59,66.33491458531995,-7.33491458531995
85,91.84230174747007,-6.842301747470074
14,-10.48443710770502,24.48443710770502
43,69.97650055351376,-26.97650055351376
103,113.31336665369304,-10.313366653693038
84,102.70965683299505,-18.70965683299505
42,53.09154820488724,-11.09154820488724
0,-19.28640645125165,19.28640645125165
62,74.29600888063119,-12.296008880631192
27,50.45567181832422,-23.45567181832422
47,45.796866972502855,1.2031330274971452
94,110.779403700356,-16.779403700356
45,56.419482334953344,-11.419482334953344
149,138.0955124520288,10.9044875479712
28,40.940823513061275,-12.940823513061275
109,115.18735954310884,-6.18735954310884
31,15.86070985364347,15.13929014635653
108,106.05108623253798,1.9489137674620167
197,163.7106231906596,33.28937680934041
161,151.0281435637638,9.971856436236209
83,89.24721064667463,-6.247210646674631
17,26.213281375302678,-9.213281375302678
130,120.22148410843147,9.778515891568532
43,33.61575400469186,9.384245995308142
97,108.71646823820248,-11.71646823820248
76,82.40266420479767,-6.402664204797674
1,-34.891161083679464,35.891161083679464
42,46.165628280737295,-4.165628280737295
188,165.86456837556443,22.13543162443557
145,137.3604066335291,7.639593366470905
94,96.86387370362252,-2.8638737036225166
24,34.847806436301056,-10.847806436301056
114,118.38223795886728,-4.382237958867279
60,64.56834482364158,-4.568344823641581
61,71.93791878912563,-10.937918789125632
3,-16.147469199362206,19.147469199362206
68,79.44863586558134,-11.448635865581338
53,59.35952689947611,-6.3595268994761085
57,74.89680140876105,-17.89680140876105
85,85.19597016441627,-0.19597016441626636
108,111.03976865082171,-3.0397686508217134
43,59.501850459541146,-16.501850459541146
135,134.63714938207647,0.36285061792352735
16,16.660457800003883,-0.6604578000038828
42,55.66205567730525,-13.662055677305247
90,110.53884655697082,-20.538846556970825
51,71.29880458034647,-20.29880458034647
75,94.97302411172822,-19.973024111728222
155,139.15090696795755,15.849093032042447
166,150.22628998547566,15.77371001452434
47,60.56448916713233,-13.56448916713233
48,47.223155777436105,0.776844222563895
126,124.24679862613553,1.7532013738644707
111,115.54167823682351,-4.541678236823515
69,85.48278236421149,-16.482782364211488
39,42.78961117963142,-3.7896111796314216
0,-24.892839681615868,24.892839681615868
92,101.39140450937556,-9.391404509375562
71,86.60980029773395,-15.609800297733955
2,-8.126434866034444,10.126434866034444
32,35.5193376286019,-3.519337628601903
83,100.16421867108733,-17.164218671087326
69,99.25762657320685,-30.25762657320685
65,83.33117423952712,-18.331174239527115
112,109.95578080929833,2.044219190701668
28,29.70940891548132,-1.709408915481319
105,103.76698773998072,1.2330122600192794
14,-3.537649733699311,17.53764973369931
37,36.21453485518387,0.7854651448161292
140,131.83392428984936,8.166075710150636
21,0.5414528647668817,20.45854713523312
56,74.53057396800311,-18.53057396800311
20,44.694112513994966,-24.694112513994966
86,91.84103736619849,-5.841037366198492
52,52.92241573473503,-0.9224157347350328
91,103.5098351063791,-12.5098351063791
0,-46.64080066957938,46.64080066957938
77,75.82892886920182,1.1710711307981825
40,37.07903663615505,2.9209633638449475
89,91.2678705948891,-2.2678705948891036
68,77.57149737072561,-9.57149737072561
43,33.949232564964774,9.050767435035226
60,65.19618094477852,-5.1961809447785186
157,144.3111626846463,12.688837315353709
65,76.98424827573342,-11.984248275733421
23,14.490467715128162,8.509532284871838
39,60.277309472188165,-21.277309472188165
109,105.5945290353707,3.405470964629302
36,34.36523738620266,1.6347626137973421
26,41.49276128867794,-15.49276128867794
13,-1.298959372095652,14.298959372095652
214,177.40924451055554,36.59075548944446
202,165.16762829436533,36.83237170563467
215,176.1774884088951,38.8225115911049
78,93.45964473967649,-15.459644739676492
56,65.68557438402496,-9.68557438402496
15,12.274932353896972,2.725067646103028
53,79.9415638932737,-26.941563893273695
174,153.38396234132432,20.61603765867568
85,92.41547787477012,-7.415477874770119
120,117.73014156010633,2.2698584398936674
43,62.154546468868524,-19.154546468868524
88,99.66726106288701,-11.667261062887007
95,97.94727684183091,-2.947276841830913
131,129.8289410728735,1.171058927126495
60,94.77170207069831,-34.77170207069831
68,85.92946886249725,-17.929468862497245
91,95.26224434720332,-4.262244347203321
87,98.6263831102503,-11.626383110250302
98,106.22278063237259,-8.22278063237259
157,144.4361783211546,12.563821678845386
31,28.633949008716442,2.366050991283558
83,95.5628354034835,-12.562835403483504
33,50.7111842115046,-17.7111842115046
176,148.68928753130942,27.310712468690582
136,131.8397312615333,4.160268738466698
132,123.53615531323095,8.46384468676905
0,-41.18741540572381,41.18741540572381
12,0.4491818652458335,11.550818134754167
197,166.12872506291552,30.87127493708448
11,-0.32222044322747934,11.32222044322748
24,11.210567246716082,12.789432753283918
42,40.32038594380519,1.6796140561948079
36,50.69846045233105,-14.698460452331048
16,0.07571366119961453,15.924286338800385
2,-1.1115587517222423,3.1115587517222423
47,75.87118269562005,-28.87118269562005
27,18.074045297665016,8.925954702334984
54,66.74969520444441,-12.749695204444407
25,4.90717574983961,20.09282425016039
37,19.187530045641573,17.812469954358427
73,103.7904131614728,-30.7904131614728
148,136.54971548735801,11.450284512641986
18,46.49806582054481,-28.49806582054481
54,51.57458846808554,2.425411531914463
26,19.374285238528515,6.625714761471485
184,161.23028923178992,22.769710768210075
67,79.59358700130495,-12.593587001304954
24,7.6660801100501885,16.33391988994981
6,3.7381048376248174,2.2618951623751826
70,89.63635623807534,-19.636356238075336
56,68.93084410070348,-12.930844100703482
35,15.507459194892995,19.492540805107005
75,91.28588702691145,-16.285887026911453
32,26.993872515059138,5.006127484940862
174,160.7051126085296,13.29488739147041
61,90.67444841672426,-29.67444841672426
173,153.95435395498194,19.04564604501806
17,2.475077913699849,14.524922086300151
146,131.5741859903278,14.425814009672195
67,59.686424770800926,7.313575229199074
73,86.19664258921178,-13.196642589211777
41,47.38593443499846,-6.385934434998461
169,150.68260270427595,18.31739729572405
44,45.11633419111005,-1.1163341911100488
76,91.3235896773527,-15.3235896773527
61,71.67325088445014,-10.673250884450141
36,75.37608896212883,-39.37608896212883
52,80.30660604635365,-28.30660604635365
73,95.69310777342662,-22.693107773426618
32,62.43865584451525,-30.438655844515253
2,-26.54516541556721,28.54516541556721
52,64.54463661120506,-12.544636611205064
29,20.334233595575554,8.665766404424446
72,90.45060243073006,-18.450602430730058
91,102.51593712268905,-11.515937122689053
20,3.2767365257362826,16.723263474263717
48,53.6360086841431,-5.6360086841431
74,69.53006121933383,4.469938780666169
72,80.22657647520609,-8.226576475206087
48,73.56817514768983,-25.56817514768983
98,99.79254253191691,-1.792542531916908
100,103.64894899293539,-3.648948992935388
14,11.259855592002026,2.740144407997974
74,81.83538591901534,-7.835385919015337
49,60.77074427479391,-11.770744274793913
70,87.47639211303576,-17.476392113035757
191,167.75851306542916,23.241486934570844
51,65.796664735799,-14.796664735798998
43,36.94738011980847,6.0526198801915285
149,140.27123001175823,8.728769988241766
154,135.64162252400882,18.358377475991176
60,81.04912485191102,-21.049124851911017
52,51.85332116558837,0.146678834411631
40,33.581309971200874,6.418690028799126
18,-0.5338669933349109,18.53386699333491
103,112.34122907976264,-9.341229079762641
19,14.848808625643628,4.151191374356372
39,72.6980060848481,-33.6980060848481
31,36.2136275932615,-5.213627593261499
56,61.063953574207915,-5.063953574207915
58,81.98847390169242,-23.988473901692416
127,119.81897552528126,7.18102447471874
77,90.33371755432398,-13.333717554323982
87,82.01029607357103,4.989703926428973
181,164.95101621142706,16.04898378857294
13,52.63414369556888,-39.63414369556888
26,47.30321578623061,-21.30321578623061
0,-22.837835183418832,22.837835183418832
124,124.8576348831744,-0.8576348831743985
115,117.58765452479909,-2.587654524799092
52,47.79697536440959,4.20302463559041
37,38.48588919924674,-1.485889199246742
27,23.34900395805103,3.6509960419489715
71,85.29935607636529,-14.299356076365285
53,71.14031756755301,-18.140317567553012
36,30.71459846138668,5.285401538613321
60,83.42755804425319,-23.42755804425319
34,53.79764083168594,-19.79764083168594
25,64.31654176966815,-39.31654176966815
52,73.51492617118426,-21.514926171184257
11,-4.353343710850112,15.353343710850112
58,51.3208288822985,6.6791711177015
30,42.019633953945274,-12.019633953945274
21,35.96479083725036,-14.964790837250362
112,109.64500497729404,2.354995022705964
3,-27.880512375417865,30.880512375417865
110,110.46928126332517,-0.46928126332517195
9,29.16790026782948,-20.16790026782948
22,3.2924723062697865,18.707527693730214
204,174.47258077639538,29.527419223604625
43,55.31180427744092,-12.31180427744092
186,164.7677558049869,21.232244195013095
75,84.95701387045932,-9.95701387045932
80,87.05224091874307,-7.052240918743067
174,156.5054507326804,17.4945492673196
14,6.178209627120651,7.821790372879349
93,95.24785300198566,-2.2478530019856606
28,32.393531790137764,-4.393531790137764
123,115.7659496490121,7.2340503509879
30,42.53593107731676,-12.53593107731676
28,24.445397360208418,3.5546026397915824
208,179.96268442860773,28.03731557139227
99,104.99104822074813,-5.991048220748127
95,103.95656021312628,-8.95656021312628
76,93.09549207781603,-17.095492077816033
61,69.26894937969071,-8.26894937969071
150,136.09493810586235,13.905061894137646
27,37.465843113002094,-10.465843113002094
88,105.33114516851778,-17.33114516851778
145,141.8890507953674,3.1109492046325897
70,83.41355660681653,-13.413556606816528
55,64.6507288606348,-9.6507288606348
155,136.56876747137085,18.431232528629153
134,129.33967218696125,4.660327813038748
2,-10.277424597229967,12.277424597229967
46,49.99949577328326,-3.9994957732832574
59,76.41750326691098,-17.417503266910984
104,103.35771713500597,0.64228286499403
41,50.49660886697842,-9.49660886697842
180,158.18001955615244,21.819980443847555
140,134.46754668912678,5.532453310873223
87,91.45015459214679,-4.450154592146788
0,-50.292489068336266,50.292489068336266
81,94.51037855893861,-13.510378558938612
116,117.74920779114913,-1.7492077911491322
1,-39.86394129338383,40.86394129338383
9,-5.754523727252831,14.754523727252831
73,86.27111260765064,-13.271112607650636
16,-1.4537988160753486,17.45379881607535
30,19.377993553372235,10.622006446627765
147,138.1670123454897,8.832987654510305
67,90.97107961295637,-23.971079612956373
99,105.4654745512404,-6.465474551240405
87,93.34883170581446,-6.348831705814462
125,120.46655274757057,4.533447252429426
18,15.717599373763576,2.2824006262364236
145,139.13064584582017,5.869354154179831
66,81.43454447946681,-15.434544479466808
68,87.61471348616018,-19.614713486160184
13,26.820017963920442,-13.820017963920442
110,106.68447819111978,3.31552180888022
69,87.57833957403714,-18.578339574037145
33,16.35531931806174,16.64468068193826
87,99.03251549173265,-12.032515491732653
3,-10.50063654155997,13.50063654155997
190,164.44535850402218,25.55464149597782
48,70.52502764974321,-22.52502764974321
38,54.49128301769102,-16.491283017691018
93,97.26137513202765,-4.261375132027652
198,167.31479900410574,30.685200995894263
79,79.84568799222767,-0.845687992227667
51,52.819133846126334,-1.8191338461263342
79,82.6997308710612,-3.699730871061206
56,66.09924700750116,-10.099247007501162
76,82.75762342018069,-6.757623420180693
44,38.38389545615798,5.61610454384202
76,92.59532110071588,-16.59532110071588
8,-21.733281387822316,29.733281387822316
189,161.20595346086495,27.794046539135053
65,92.60773509389146,-27.607735093891463
29,29.45747389823441,-0.45747389823441154
182,162.1380376469168,19.861962353083186
126,124.06683773971591,1.9331622602840923
172,155.80241560569377,16.197584394306233
31,21.352533756118376,9.647466243881624
39,53.68313835451981,-14.683138354519812
44,64.98700864327259,-20.98700864327259
80,83.81309226191436,-3.8130922619143632
15,-3.2135076177831507,18.21350761778315
10,-8.79786460313754,18.79786460313754
113,115.76251105244555,-2.7625110524455465
82,77.13611040608878,4.8638895939112246
64,76.6144658217421,-12.614465821742101
103,110.7394963708723,-7.739496370872303
24,21.00875408978743,2.9912459102125695
48,112.26801277135866,-64.26801277135866
39,39.7400169423817,-0.7400169423817005
138,129.13817195407805,8.861828045921953
88,107.79897207113888,-19.798972071138877
35,29.247854711750918,5.752145288249082
122,120.55055869269928,1.4494413073007166
18,36.13175882937279,-18.131758829372792
29,64.04626326901813,-35.04626326901813
83,90.31906908180261,-7.31906908180261
35,37.6358761913969,-2.6358761913969033
46,64.17887405660056,-18.178874056600563
211,176.04400987051903,34.955990129480966
75,83.86773883546297,-8.867738835462973
65,77.41641696884805,-12.416416968848054
48,51.74691648907107,-3.7469164890710687
158,145.6296070587913,12.370392941208706
55,67.51826977178096,-12.518269771780965
196,171.14596922948994,24.854030770510064
3,-31.52046827773465,34.52046827773465
69,81.97478756303508,-12.974787563035079
37,20.257706749537363,16.742293250462637
79,101.25731748804108,-22.257317488041082
19,22.520171081226323,-3.520171081226323
82,87.66947655518085,-5.66947655518085
89,98.5286680414877,-9.528668041487705
162,150.84561149725553,11.154388502744467
95,98.24847300566972,-3.248473005669723
51,64.04962975281418,-13.049629752814184
77,97.77514112579482,-20.775141125794818
103,105.90939972404944,-2.909399724049436
31,42.83330530392001,-11.833305303920007
47,65.01589525422199,-18.015895254221988
40,57.02858234274772,-17.02858234274772
78,83.56884703533821,-5.568847035338209
31,31.45138911077207,-0.45138911077206956
25,53.6753932826445,-28.6753932826445
84,106.0897475667166,-22.089747566716596
57,50.745605113416964,6.254394886583036
82,84.98374171680388,-2.983741716803877
45,51.15084344717732,-6.150843447177323
99,107.86672283582364,-8.866722835823637
156,138.98087459077524,17.019125409224756
35,24.434020745986665,10.565979254013335
0,-21.65474770788265,21.65474770788265
74,95.31673371128136,-21.31673371128136
58,64.97972874508348,-6.979728745083477
61,71.58860700741732,-10.588607007417323
163,147.08077907509636,15.919220924903641
64,81.36801828243229,-17.36801828243229
184,162.9726352722853,21.027364727714712
131,130.7273375404967,0.2726624595032945
51,63.430802114337816,-12.430802114337816
20,0.635524934251606,19.364475065748394
35,16.021978719952216,18.978021280047784
103,101.38282782401441,1.617172175985587
164,155.63459288231473,8.365407117685265
84,98.21226162034293,-14.212261620342929
35,54.890023606382506,-19.890023606382506
62,61.907070429102326,0.09292957089767384
133,129.39067385064072,3.6093261493592763
31,44.19956000115394,-13.199560001153941
22,40.092229394156355,-18.092229394156355
166,145.07529090929967,20.924709090700333
147,133.93329984836578,13.066700151634222
79,86.78484051762139,-7.78484051762139
6,-11.63282906550991,17.63282906550991
37,19.520192030377686,17.479807969622314
49,83.90426017777729,-34.90426017777729
163,143.96889676121958,19.031103238780418
79,94.36117359526226,-15.361173595262258
147,136.80871103246355,10.191288967536451
53,83.79758048114468,-30.797580481144678
177,152.99325703366506,24.00674296633494
160,143.47420472510453,16.525795274895472
95,96.605481951541,-1.6054819515409946
200,169.17248478097656,30.82751521902344
46,70.45427081500486,-24.45427081500486
2,1.0334681902636476,0.9665318097363524
112,111.83194449535415,0.1680555046458494
6,4.0236479778877765,1.9763520221122235
65,99.55705945803061,-34.55705945803061
60,71.36051805964408,-11.360518059644079
20,-1.3665112083655515,21.36651120836555
78,91.94286412216468,-13.942864122164679
31,21.15528136692906,9.84471863307094
0,-47.22699115019293,47.22699115019293
15,33.56835321442106,-18.56835321442106
13,-7.724225312907066,20.724225312907066
21,20.295071399624504,0.7049286003754958
37,26.856788119337892,10.143211880662108
70,88.6418265328982,-18.641826532898193
184,161.21576357284124,22.78423642715876
99,101.93615730523928,-2.936157305239277
78,84.85136256347654,-6.851362563476542
101,101.0411761466986,-0.04117614669860359
48,40.33185250395228,7.668147496047723
23,41.958255246674334,-18.958255246674334
91,103.37938286621828,-12.379382866218279
91,101.5293710428621,-10.529371042862095
2,-30.49563173709393,32.49563173709393
82,94.63823925973486,-12.63823925973486
69,90.93632927151091,-21.936329271510914
5,6.062824781291056,-1.0628247812910558
98,105.64259048227123,-7.642590482271231
46,65.61022124479365,-19.61022124479365
113,110.24866357466729,2.7513364253327097
37,56.40682777443021,-19.406827774430212
168,151.65623547404493,16.343764525955066
48,67.39856648267525,-19.39856648267525
66,68.16265847044575,-2.1626584704457485
71,88.66122775947927,-17.661227759479274
95,97.97940943443079,-2.979409434430792
119,117.56178820226478,1.438211797735221
10,12.098897681205784,-2.0988976812057842
40,64.96075135788534,-24.960751357885343
185,162.47548802380953,22.524511976190468
26,10.331578431031161,15.668421568968839
29,21.417021353485367,7.582978646514633
111,113.9498043271546,-2.9498043271545953
10,2.270516626141273,7.729483373858727
124,117.43218450652321,6.567815493476786
27,51.81014839576399,-24.81014839576399
66,74.44318341637337,-8.443183416373373
18,21.59587938420718,-3.59587938420718
45,63.95494978862516,-18.954949788625157
107,110.4841123876159,-3.4841123876158946
67,85.47930462658955,-18.479304626589553
55,78.08265229734262,-23.08265229734262
73,99.58131192892093,-26.581311928920925
47,87.10474027382911,-40.10474027382911
55,54.23605944130711,0.7639405586928874
96,95.65119582512878,0.3488041748712192
193,165.08776674991557,27.912233250084427
47,61.46441798226725,-14.46441798226725
65,68.78193191979797,-3.7819319197979695
46,52.34053877902355,-6.340538779023547
120,116.44580061335539,3.554199386644612
67,65.23676909323038,1.7632309067696212
139,131.60132775164243,7.39867224835757
41,32.129893368406556,8.870106631593444
72,104.01525400207588,-32.01525400207588
142,132.33004414082382,9.669955859176184
72,75.34654722732087,-3.346547227320869
56,67.90600098294652,-11.906000982946523
99,106.55392388861222,-7.553923888612218
204,173.19509199659558,30.80490800340442
99,99.71305322755231,-0.713053227552308
74,102.35902884854781,-28.35902884854781
114,114.53041495316334,-0.5304149531633442
69,85.52685529983347,-16.52685529983347
115,117.26931887222023,-2.269318872220225
182,162.44609416586962,19.553905834130376
24,12.754259563868466,11.245740436131534
123,115.12729194801418,7.872708051985825
29,46.36520248020851,-17.36520248020851
154,136.24724948035757,17.752750519642433
22,6.780825761581866,15.219174238418134
26,35.231261967864256,-9.231261967864256
47,45.37776654006667,1.6222334599333266
38,53.14406578782739,-15.144065787827387
94,105.07401008159131,-11.074010081591311
155,141.96823644013614,13.031763559863862
27,16.385041382590927,10.614958617409073
59,73.72464337490878,-14.72464337490878
33,15.58671527305627,17.41328472694373
74,92.41252330857043,-18.412523308570428
194,168.8490658984203,25.150934101579708
20,28.376693502264118,-8.376693502264118
55,48.674135916712025,6.325864083287975
139,134.07323402698694,4.926765973013062
26,5.202646768704369,20.79735323129563
46,50.11621012804275,-4.116210128042752
100,102.29949392097991,-2.299493920979913
6,-19.603144798844,25.603144798844
123,121.52094287120221,1.4790571287977912
41,44.219074841006965,-3.2190748410069645
81,89.45454064575931,-8.454540645759309
0,-23.157887013619074,23.157887013619074
9,-9.120584009289246,18.120584009289246
76,91.1364829441784,-15.136482944178397
47,65.53687840168749,-18.53687840168749
67,91.2365879769392,-24.236587976939205
150,134.43124932383364,15.56875067616636
6,-21.67718485984591,27.67718485984591
49,68.37520746858236,-19.37520746858236
144,135.0108649776221,8.989135022377894
100,101.9596591759406,-1.959659175940601
67,80.17705362001352,-13.177053620013524
75,90.6031321120442,-15.603132112044193
55,65.74168185876516,-10.741681858765162
55,64.79493979597844,-9.794939795978436
12,20.977843676038155,-8.977843676038155
100,101.74863653420967,-1.7486365342096661
99,109.61795558968534,-10.617955589685337
4,0.3490423493605874,3.6509576506394126
42,68.15785102586607,-26.157851025866066
92,102.29394676232972,-10.293946762329725
74,74.70660018409818,-0.7066001840981784
21,9.357696590693863,11.642303409306137
43,30.264703672530032,12.735296327469968
72,77.83211241023952,-5.832112410239517
54,63.12934616433174,-9.129346164331743
20,5.203939000618632,14.796060999381368
41,51.24533334271878,-10.24533334271878
121,115.01230664267462,5.987693357325384
50,80.80930810977291,-30.809308109772914
150,141.68719698010347,8.312803019896535
133,127.0890360583332,5.910963941666793
125,114.99448671798774,10.00551328201226
113,110.00649243867085,2.993507561329153
59,68.25258496490486,-9.252584964904855
45,72.67689726418078,-27.67689726418078
69,85.35589084402135,-16.355890844021346
51,52.50935670990594,-1.509356709905937
85,97.58774045914447,-12.58774045914447
99,99.66916627137307,-0.6691662713730722
156,141.41113592168657,14.588864078313435
168,149.8566270057309,18.1433729942691
31,53.09116451844869,-22.091164518448693
53,58.10535250357992,-5.1053525035799225
68,71.09150808590157,-3.091508085901566
18,8.31233740672289,9.68766259327711
91,101.63790087335074,-10.637900873350745
23,13.308883789917473,9.691116210082527
37,57.95628806328652,-20.95628806328652
86,96.72496310274688,-10.724963102746884
166,148.79904388489018,17.20095611510982
178,152.24838302589865,25.751616974101353
62,85.1292569005834,-23.1292569005834
196,167.9375168169191,28.0624831830809
49,52.45145473936152,-3.451454739361523
88,100.38680800961919,-12.386808009619187
20,3.7632181239895885,16.23678187601041
114,114.64896729997218,-0.6489672999721847
204,175.9070012730532,28.092998726946803
158,150.75036990484944,7.249630095150565
70,85.97711131668972,-15.977111316689715
16,-7.726895162148665,23.726895162148665
138,134.43092427248953,3.569075727510466
166,154.7440457071559,11.255954292844109
28,27.726200711384465,0.2737992886155354
94,112.59203457573356,-18.592034575733564
39,53.933163686926235,-14.933163686926235
10,-13.262079000429097,23.262079000429097
57,72.52735861032814,-15.527358610328136
40,68.36230342964002,-28.362303429640022
40,34.030215235295806,5.969784764704194
66,86.62110911164935,-20.621109111649346
13,5.341722438315571,7.658277561684429
129,121.6742631437688,7.325736856231202
124,123.69793256641054,0.30206743358945687
86,91.22952991202719,-5.229529912027189
45,33.11095944624591,11.889040553754093
164,144.89177444378822,19.108225556211778
161,146.06790673432843,14.932093265671568
157,148.71642404646497,8.283575953535035
88,93.98893133384831,-5.988931333848313
4,-6.102223755460585,10.102223755460585
61,91.98404855619175,-30.984048556191752
69,91.70524364691971,-22.705243646919712
30,49.056064916453735,-19.056064916453735
208,173.5140464770545,34.48595352294549
62,65.93538573798502,-3.9353857379850155
48,56.35748993622777,-8.357489936227772
0,-45.421602290424715,45.421602290424715
22,9.964914587783198,12.035085412216802
7,-4.681593303486665,11.681593303486665
205,174.06855449243076,30.931445507569236
42,67.93721998876443,-25.937219988764426
28,59.606288754861026,-31.606288754861026
34,60.1274989254437,-26.127498925443703
123,117.22654547473948,5.773454525260519
85,100.6074303402776,-15.607430340277602
30,17.53338864634778,12.466611353652219
50,91.02083369039045,-41.02083369039045
101,105.33028809589152,-4.330288095891518
8,-21.177029707385003,29.177029707385003
49,78.72313347241547,-29.72313347241547
133,127.08491107158795,5.915088928412047
55,56.695647254144376,-1.695647254144376
17,10.80781055815946,6.19218944184054
15,4.729373444594984,10.270626555405016
130,129.67840884315024,0.32159115684976314
35,36.652016590638084,-1.652016590638084
38,70.17583560676961,-32.17583560676961
4,1.0399128121040349,2.960087187895965
32,32.65973455259575,-0.6597345525957508
23,45.67010546232252,-22.670105462322518
49,40.29558323535512,8.704416764644883
13,9.699156559270861,3.300843440729139
171,153.4588457736299,17.54115422637011
51,55.64593426918818,-4.6459342691881815
137,134.77538740680518,2.22461259319482
17,22.26469386694866,-5.264693866948662
98,106.0208401075286,-8.020840107528599
90,99.55417095266338,-9.554170952663384
83,98.94432909757617,-15.944329097576173
60,92.90087300794458,-32.90087300794458
46,57.31858010661979,-11.318580106619791
41,54.468214547257304,-13.468214547257304
62,50.23976503725366,11.760234962746338
103,112.4810243433316,-9.481024343331597
91,99.03258070928825,-8.032580709288254
35,50.79760432500884,-15.797604325008841
209,176.1492166651576,32.85078333484239
100,110.90854349065711,-10.90854349065711
42,55.27330511556768,-13.27330511556768
11,-0.740548549320323,11.740548549320323
41,81.49611297222722,-40.49611297222722
27,62.002065262778785,-35.002065262778785
26,41.187235687822785,-15.187235687822785
12,-9.612934077767207,21.612934077767207
45,65.51084712139718,-20.510847121397177
85,103.26534870376247,-18.26534870376247
50,45.772697832975,4.227302167025002
92,93.96550731125068,-1.9655073112506756
84,89.8632033880336,-5.863203388033597
47,55.62294719270524,-8.62294719270524
83,107.06590473357056,-24.065904733570562
45,65.10963950024012,-20.10963950024012
39,48.518751084573466,-9.518751084573466
188,165.98614160600562,22.013858393994383
58,53.13733392370143,4.8626660762985665
29,18.29924590337494,10.700754096625062
116,110.50386262595956,5.496137374040444
88,98.32547352695073,-10.32547352695073
193,162.91913202111806,30.08086797888194
47,55.59907604708738,-8.59907604708738
52,46.79181589492064,5.208184105079361
109,109.49698904146847,-0.496989041468467
182,163.7011591061102,18.298840893889803
191,169.13914819406438,21.860851805935624
145,138.12881737245664,6.871182627543362
134,126.0846494341386,7.915350565861402
116,117.11500373835233,-1.1150037383523284
41,35.33457207184391,5.665427928156092
19,16.019275459312105,2.980724540687895
61,86.46612733840414,-25.466127338404135
50,57.367419270300275,-7.3674192703002745
11,20.695649156180323,-9.695649156180323
45,34.69379371418087,10.30620628581913
22,20.773142500517594,1.2268574994824064
211,174.46444843840567,36.53555156159433
57,81.54100839104542,-24.541008391045423
0,-35.63188772515534,35.63188772515534
183,157.74695820503558,25.253041794964417
62,81.92758073196796,-19.927580731967964
93,98.81020439446328,-5.810204394463284
131,119.85960334970085,11.140396650299152
76,95.61563203345477,-19.615632033454773
119,116.53431946123627,2.465680538763735
107,113.09165988799309,-6.091659887993089
48,51.70737030161168,-3.7073703016116824
190,165.12820557065962,24.871794429340383
43,47.72186294330984,-4.721862943309837
27,13.995327617343406,13.004672382656594
44,47.45739054377276,-3.4573905437727603
69,95.67791429574478,-26.677914295744785
75,94.4726106450341,-19.472610645034095
22,71.79365397759804,-49.79365397759804
67,97.03941647288632,-30.039416472886316
0,-33.060669411737194,33.060669411737194
75,84.04588920833717,-9.045889208337172
58,76.42866372734625,-18.428663727346247
73,86.49338603318964,-13.493386033189637
0,-40.181352804377326,40.181352804377326
31,37.016646269510495,-6.016646269510495
80,94.03634302161086,-14.036343021610861
56,58.12813934531884,-2.128139345318843
138,132.88226530062448,5.117734699375518
82,96.51687861511309,-14.516878615113086
74,81.40438115468582,-7.404381154685822
176,158.8955229103367,17.104477089663305
200,172.4403566358323,27.559643364167698
35,42.46502178339348,-7.465021783393482
73,81.30224279978688,-8.302242799786882
75,91.55518010795475,-16.555180107954754
49,44.104414263703774,4.895585736296226
56,76.66143229268815,-20.661432292688147
90,111.47465620172957,-21.474656201729573
89,107.94912759164967,-18.94912759164967
33,31.386024773593405,1.6139752264065947
34,23.77195785123311,10.228042148766889
84,90.84185437827126,-6.841854378271265
55,42.17453757687029,12.825462423129707
61,67.74366371226469,-6.743663712264691
112,116.80543230210048,-4.805432302100485
82,79.56466544494509,2.435334555054908
37,92.68952573903734,-55.689525739037336
0,-40.359362788761814,40.359362788761814
73,82.03512680249564,-9.03512680249564
51,53.11416139830205,-2.114161398302052
69,76.30077567401202,-7.300775674012016
4,-5.985597034363394,9.985597034363394
131,123.53668065901351,7.463319340986487
76,102.19491936615975,-26.194919366159752
40,67.47641791706141,-27.47641791706141
52,70.49535543434258,-18.495355434342585
59,78.54333286578435,-19.54333286578435
68,80.35654709992566,-12.356547099925663
56,67.3414321314101,-11.341432131410102
139,133.69379953288933,5.306200467110671
75,83.59061214418622,-8.590612144186224
127,125.527835862562,1.472164137438
2,-18.69706855481951,20.69706855481951
131,130.21450609822745,0.7854939017725542
72,94.00601715366672,-22.00601715366672
144,135.60604767769075,8.393952322309246
49,81.08009140362772,-32.08009140362772
39,54.83248886043542,-15.832488860435419
196,166.74017020033486,29.25982979966514
112,116.10301925137435,-4.103019251374349
6,-11.910910914598219,17.91091091459822
108,109.53321556061134,-1.533215560611339
35,50.57804051314988,-15.57804051314988
65,84.39021434671565,-19.390214346715652
48,46.20211264981217,1.7978873501878283
86,89.35536844660493,-3.3553684466049276
179,161.19406986595766,17.80593013404234
82,96.34842283807774,-14.348422838077738
141,130.26814603724685,10.73185396275315
0,-45.95357479880434,45.95357479880434
74,88.01928811590099,-14.019288115900991
123,122.57663815924018,0.4233618407598243
101,109.3885823858057,-8.388582385805705
145,133.01691852222046,11.983081477779535
23,4.004712829299308,18.995287170700692
61,87.83350445807085,-26.83350445807085
161,149.92806877559235,11.071931224407649
44,60.883592410221425,-16.883592410221425
165,155.58002011208254,9.419979887917464
9,-6.115270183908862,15.115270183908862
40,71.35122618462324,-31.351226184623243
53,57.6166656338703,-4.616665633870298
170,151.49869668019477,18.50130331980523
30,34.49290334408387,-4.492903344083871
9,19.95441571488677,-10.954415714886771
31,41.861880627925444,-10.861880627925444
205,170.99599203148466,34.00400796851534
62,56.07922349623665,5.920776503763349
61,76.70525899443676,-15.705258994436761
62,78.17559748515902,-16.175597485159017
152,135.24048768301546,16.75951231698454
84,96.95433753434769,-12.954337534347687
51,66.98909536584473,-15.989095365844733
187,159.10558365330584,27.894416346694157
183,161.6626617485191,21.3373382514809
80,87.16680072634959,-7.166800726349592
142,130.4453854229156,11.554614577084408
13,5.28550973476608,7.71449026523392
137,131.23134736356042,5.768652636439583
30,11.954300475529337,18.045699524470663
13,19.047941922908926,-6.047941922908926
53,65.87532947817729,-12.875329478177292
81,87.35851188157699,-6.358511881576987
11,-8.771908275324819,19.77190827532482
63,67.62403147275488,-4.624031472754879
118,113.41059071804406,4.589409281955938
83,102.1731688705873,-19.173168870587304
22,13.962905759852262,8.037094240147738
152,144.5210457538367,7.478954246163312
66,85.66881483633605,-19.668814836336054
135,126.28380389281841,8.716196107181588
63,73.02241746292036,-10.022417462920359
174,154.95713025923038,19.042869740769618
77,98.00188189597424,-21.001881895974236
52,68.21625005667991,-16.21625005667991
33,49.496221217559906,-16.496221217559906
48,56.856648630501695,-8.856648630501695
169,152.8465665094387,16.153433490561298
2,-14.673895781724084,16.673895781724084
42,37.143969110865996,4.856030889134004
103,100.57271212101804,2.427287878981957
29,43.86699189795763,-14.866991897957632
135,129.3404840923976,5.659515907602412
182,162.09444153949158,19.905558460508416
31,35.45344279149644,-4.4534427914964425
54,71.43570517716819,-17.435705177168188
44,63.9317641073593,-19.9317641073593
53,66.98728914777911,-13.987289147779109
44,65.63495309267995,-21.63495309267995
102,100.41963152633888,1.5803684736611245
62,59.049270280921874,2.950729719078126
43,59.05432732388297,-16.054327323882973
124,115.4962186691858,8.503781330814206
40,47.09754365998665,-7.097543659986648
210,179.21680831325548,30.783191686744516
55,77.26364406997058,-22.26364406997058
61,74.14150248062352,-13.141502480623515
5,-11.912049278788288,16.912049278788288
118,119.82648178326588,-1.8264817832658764
29,34.8519719643721,-5.8519719643720975
44,65.20333097638775,-21.203330976387747
168,158.131237579771,9.86876242022899
63,62.427704563112044,0.5722954368879556
143,135.97452149703213,7.0254785029678715
67,65.03289721740622,1.9671027825937841
71,83.25083088230231,-12.25083088230231
34,18.769451998814162,15.230548001185838
175,149.8581487142286,25.141851285771395
24,18.646219294957753,5.353780705042247
107,112.2070450606423,-5.207045060642301
28,17.541479956740375,10.458520043259625
30,51.83943319361984,-21.83943319361984
66,70.57002023811366,-4.570020238113656
79,87.61536332337289,-8.61536332337289
179,159.00797950571427,19.992020494285725
47,62.8392837222542,-15.839283722254201
73,83.13660078494655,-10.136600784946552
134,128.4123186234405,5.5876813765594875
56,59.62634077576793,-3.626340775767929
173,148.90159058254656,24.09840941745344
67,66.16522599626686,0.8347740037331448
205,170.58072730403785,34.41927269596215
110,115.5044791617859,-5.504479161785895
17,64.79026038827743,-47.79026038827743
18,2.373991556370868,15.626008443629132
100,103.46775856181281,-3.467758561812815
54,62.77441588618412,-8.774415886184123
160,138.81740491940505,21.18259508059495
58,71.67314500310961,-13.67314500310961
18,1.1686453149563647,16.831354685043635
59,61.94331261097759,-2.9433126109775927
181,161.20035600121187,19.799643998788127
73,81.27591411721588,-8.275914117215876
54,56.880237018139624,-2.880237018139624
11,16.184745573993602,-5.184745573993602
29,18.47108604751572,10.528913952484281
24,21.131554752530533,2.8684452474694666
0,-10.604825248167941,10.604825248167941
113,114.4049777924161,-1.4049777924161049
0,-29.606986577349744,29.606986577349744
127,125.28562234917976,1.7143776508202393
21,8.547652368355614,12.452347631644386
116,112.506590676542,3.493409323457996
32,58.22070574270835,-26.220705742708347
0,-45.92998019296468,45.92998019296468
57,48.767633273862884,8.232366726137116
54,57.56712381618582,-3.56712381618582
67,87.32749551383613,-20.327495513836126
125,120.59828010819098,4.401719891809023
33,16.873573314045444,16.126426685954556
46,47.07935749711226,-1.0793574971122624
63,73.9363384024186,-10.936338402418599
54,75.42070611252183,-21.420706112521827
59,71.90340991150893,-12.90340991150893
19,3.1496820739141924,15.850317926085808
154,143.76419363026298,10.23580636973702
46,69.9663118493961,-23.966311849396106
132,125.52965591229159,6.470344087708412
86,90.7826511665873,-4.7826511665873
182,154.80041189259944,27.199588107400558
17,-3.4694868385731468,20.469486838573147
109,110.07710215864377,-1.0771021586437683
154,144.61958984691785,9.380410153082153
193,165.75573170677154,27.24426829322846
87,98.79842022221035,-11.798420222210353
32,12.605162826624642,19.394837173375358
46,65.29345909343712,-19.29345909343712
11,1.261295109633835,9.738704890366165
49,77.21092095430964,-28.210920954309643
4,-17.42124381614657,21.42124381614657
170,153.73363751099942,16.266362489000585
83,95.47104813076473,-12.471048130764729
6,6.902138860228931,-0.9021388602289306
49,61.51787500393009,-12.517875003930087
23,3.753641062488171,19.24635893751183
118,118.59408769106469,-0.5940876910646864
84,99.01538837463758,-15.015388374637581
77,75.59282231402203,1.4071776859779703
62,87.52785885000631,-25.52785885000631
192,163.5808014375853,28.419198562414692
64,84.55455343508032,-20.554553435080322
62,59.08624400984098,2.913755990159018
46,64.15723016537403,-18.15723016537403
80,91.47041607057567,-11.470416070575666
167,150.5056748508442,16.4943251491558
189,165.49809612066196,23.501903879338045
82,96.80112997530053,-14.801129975300526
0,-19.440739002568762,19.440739002568762
22,3.6210538488005852,18.378946151199415
80,96.71753351378567,-16.717533513785668
140,134.79047077561583,5.20952922438417
17,-7.884962907193113,24.884962907193113
24,21.824077786541245,2.1759222134587546
187,164.20088797866413,22.799112021335873
197,170.91983762095825,26.080162379041752
59,94.35674300347031,-35.356743003470314
24,8.883691090847961,15.116308909152039
18,-1.1348657116437977,19.134865711643798
212,174.38119055521707,37.618809444782926
69,78.85592027108686,-9.855920271086859
139,133.50912905500425,5.4908709449957485
102,104.2460534709391,-2.2460534709391027
74,87.8020704526163,-13.802070452616306
82,87.91622946120836,-5.91622946120836
30,39.27328776385278,-9.273287763852778
55,75.49815096786473,-20.49815096786473
0,-38.93639176027921,38.93639176027921
187,164.2037139638153,22.79628603618471
21,6.460141434141519,14.53985856585848
129,122.07851617685708,6.921483823142921
38,59.5150046854722,-21.5150046854722
79,85.97147912732791,-6.97147912732791
43,71.6936083075265,-28.693608307526503
69,79.45691406814218,-10.456914068142183
5,-24.577417426662123,29.577417426662123
0,-19.524717257497798,19.524717257497798
66,82.98027039485048,-16.98027039485048
6,-24.41841254453587,30.41841254453587
8,-14.36402095148651,22.36402095148651
49,51.75874957267703,-2.758749572677033
30,37.87587386220709,-7.8758738622070865
87,94.05587873644629,-7.055878736446289
211,178.05671877604607,32.94328122395393
30,23.40305780100779,6.59694219899221
138,126.11419112520312,11.88580887479688
0,-33.40716511468847,33.40716511468847
123,122.66230993622722,0.3376900637727829
36,54.64517377097795,-18.645173770977948
42,47.66300128105974,-5.663001281059742
21,5.924509784929967,15.075490215070033
52,63.83883207024,-11.838832070240002
63,87.10114175062773,-24.101141750627733
0,-20.636830418616952,20.636830418616952
46,77.08211409793832,-31.082114097938316
0,-30.587683271442074,30.587683271442074
61,79.62601405673645,-18.62601405673645
20,11.457528611272252,8.542471388727748
172,152.9802003051745,19.019799694825508
50,59.23603027024156,-9.236030270241557
30,57.31992379090691,-27.319923790906913
48,67.15741948555286,-19.157419485552865
46,77.94954931742267,-31.949549317422665
31,21.017561895334595,9.982438104665405
5,-8.156621561996417,13.156621561996417
120,119.46700633674962,0.5329936632503802
56,69.76633003362734,-13.76633003362734
185,163.8916434296031,21.108356570396893
194,170.5703714374618,23.4296285625382
118,119.69565610571242,-1.6956561057124162
48,83.09064181123892,-35.090641811238925
72,87.82192416874081,-15.821924168740807
65,60.54028932818776,4.459710671812239
0,-48.12911061344039,48.12911061344039
185,158.69677918180878,26.30322081819122
14,14.491438385901937,-0.49143838590193667
90,93.95495179615507,-3.954951796155072
187,162.57025426510936,24.429745734890645
82,90.2950518934621,-8.295051893462102
6,13.960298740992236,-7.960298740992236
60,73.52920726848491,-13.52920726848491
85,96.10112880249756,-11.101128802497556
19,12.959835917336889,6.040164082663111
0,-45.68767246446659,45.68767246446659
61,57.51818826717496,3.4818117328250366
28,39.0706334900407,-11.070633490040699
47,61.364369586827806,-14.364369586827806
43,37.169908896662676,5.830091103337324
57,70.42607813288235,-13.426078132882353
61,80.60653429514691,-19.606534295146915
198,175.02321487515712,22.976785124842877
119,111.29167275859885,7.70832724140115
20,9.528727121586783,10.471272878413217
18,23.318802370490786,-5.318802370490786
64,63.43621420735264,0.5637857926473586
29,51.34252953904917,-22.342529539049167
53,52.99425216949739,0.005747830502606632
202,174.40930234491674,27.59069765508326
23,8.097173827907923,14.902826172092077
198,170.02299908264868,27.97700091735132
74,84.57982326415949,-10.579823264159486
62,58.89482816412562,3.10517183587438
185,158.99161700209672,26.008382997903283
183,158.51614253129645,24.483857468703548
172,159.53857967653678,12.461420323463216
58,76.90681697653162,-18.906816976531616
52,76.75011285457872,-24.750112854578717
58,69.00001442839721,-11.000014428397208
117,119.44473966886252,-2.4447396688625247
103,102.87593308968384,0.12406691031615935
208,169.20267058011893,38.797329419881066
157,148.75879480079854,8.24120519920146
177,157.861352006517,19.138647993483005
74,93.9027823671482,-19.902782367148205
58,54.94488338953411,3.0551166104658876
41,42.88116917137928,-1.8811691713792769
9,41.00200022474962,-32.00200022474962
29,23.945468033398342,5.054531966601658
64,76.53885884053952,-12.538858840539518
62,75.4137376880793,-13.413737688079294
69,78.47302264753196,-9.473022647531963
20,52.40587508245079,-32.40587508245079
71,82.37965766562175,-11.37965766562175
73,87.55530413612539,-14.555304136125386
41,34.348387819895194,6.651612180104806
50,83.40401665043919,-33.40401665043919
20,30.72392494259622,-10.72392494259622
134,129.73285020571572,4.267149794284279
67,86.67032379213089,-19.670323792130887
112,108.8136397570033,3.186360242996699
191,168.33638507298474,22.66361492701526
40,60.99918640720489,-20.99918640720489
171,150.91566830091222,20.084331699087784
44,63.67084625148881,-19.67084625148881
24,47.78893894779978,-23.788938947799778
44,85.09499639218413,-41.09499639218413
53,53.67376130516363,-0.6737613051636302
112,115.32247402628343,-3.3224740262834302
53,52.46714400086601,0.532855999133993
63,59.84767144297937,3.152328557020631
119,119.67845423245146,-0.6784542324514575
25,10.04846229299659,14.95153770700341
73,91.32539736023915,-18.32539736023915
46,58.97382832924821,-12.973828329248207
21,9.925984123939628,11.074015876060372
8,8.498476451266598,-0.49847645126659756
49,50.75233150616151,-1.7523315061615108
58,88.66206278278652,-30.66206278278652
133,123.62535652660362,9.374643473396375
92,97.83818807449177,-5.838188074491768
134,124.56435041187822,9.435649588121777
40,47.93725756302747,-7.937257563027472
189,161.4985418760632,27.5014581239368
8,1.8047202576327663,6.195279742367234
26,25.972373098768607,0.02762690123139322
66,86.39288532412975,-20.39288532412975
20,9.555457308328457,10.444542691671543
153,139.9715446163762,13.028455383623793
83,88.01689538891378,-5.016895388913781
23,4.85840937657116,18.14159062342884
21,40.08884609323071,-19.088846093230707
209,177.41680325826457,31.583196741735435
37,43.858096569949595,-6.858096569949595
200,169.51656804728603,30.48343195271397
17,1.733351865116532,15.266648134883468
93,96.2950086648376,-3.295008664837596
168,150.005445575618,17.994554424381988
39,69.71695616793363,-30.71695616793363
83,96.8252434963628,-13.825243496362802
36,54.08262201497157,-18.08262201497157
57,76.18091383324344,-19.180913833243437
123,121.69074637371105,1.3092536262889496
21,8.218124410885153,12.781875589114847
34,57.75576566920407,-23.755765669204067
38,52.57044170265888,-14.570441702658883
116,115.76115412616261,0.2388458738373913
66,71.18488923895318,-5.1848892389531755
137,133.95931101902693,3.040688980973073
47,55.08499862534116,-8.084998625341157
42,44.131615747756676,-2.131615747756676
21,18.531515420988327,2.4684845790116725
61,71.28458415013186,-10.284584150131863
26,38.65836534764903,-12.658365347649031
52,81.29614432095084,-29.296144320950845
80,95.22185113752616,-15.221851137526158
53,47.12198224697231,5.878017753027692
44,67.679038782737,-23.679038782736995
43,39.85858010887268,3.1414198911273203
212,176.32530300391474,35.67469699608526
65,78.87846430158963,-13.87846430158963
183,159.2505516046867,23.749448395313294
45,50.62831150061992,-5.6283115006199225
31,51.00222296144331,-20.00222296144331
9,-5.445354712495146,14.445354712495146
0,-29.494910686790803,29.494910686790803
1,-30.13822173957564,31.13822173957564
82,89.12578414567129,-7.12578414567129
54,70.72046086589998,-16.72046086589998
6,-1.6527289188850034,7.652728918885003
16,23.677146914117408,-7.677146914117408
81,97.20172710749091,-16.20172710749091
50,65.81986999126553,-15.819869991265534
64,78.4074981718436,-14.4074981718436
99,103.54835894279209,-4.548358942792092
95,107.53397245555082,-12.533972455550824
20,3.0012902222573388,16.99870977774266
36,28.15270470629983,7.847295293700171
115,111.34468669635959,3.655313303640412
28,19.779373777178193,8.220626222821807
54,57.238541944838545,-3.238541944838545
38,29.27539604373277,8.72460395626723
119,120.14215553764909,-1.1421555376490886
76,97.45441441623845,-21.45441441623845
8,-9.043106801498112,17.043106801498112
156,145.19371813213152,10.806281867868478
15,-2.9176735836625767,17.917673583662577
7,-11.497589541400671,18.49758954140067
126,124.34876314318457,1.65123685681543
20,4.323666883029375,15.676333116970625
114,116.47860836029982,-2.478608360299816
0,-23.926081863780396,23.926081863780396
177,154.31702121905326,22.68297878094674
13,23.92741151397199,-10.92741151397199
30,37.89029602921815,-7.890296029218149
11,6.05986591892038,4.94013408107962
177,152.15224977412856,24.847750225871437
48,67.0089281450633,-19.008928145063294
31,19.683660590729474,11.316339409270526
32,17.625803864683412,14.374196135316588
15,1.1095408035354382,13.890459196464562
35,56.863907799741725,-21.863907799741725
24,16.92806023640427,7.071939763595729
35,56.55558968646078,-21.555589686460777
54,89.8906499000384,-35.8906499000384
49,74.71237579533276,-25.71237579533276
47,59.4540956417311,-12.4540956417311
78,87.23600157000087,-9.236001570000866
175,158.0509359695835,16.94906403041651
8,-0.10636528738615425,8.106365287386154
86,94.28636245073058,-8.286362450730579
37,48.78102730024676,-11.781027300246762
130,128.79251376825258,1.2074862317474242
37,50.06474056205556,-13.064740562055562
87,106.61958760732243,-19.61958760732243
100,101.32769493199896,-1.3276949319989626
108,114.1197609324957,-6.119760932495694
89,103.40604607739154,-14.406046077391537
32,35.552665386740635,-3.5526653867406353
109,108.32907306735251,0.6709269326474896
82,89.73473925488796,-7.734739254887955
112,116.10634723103985,-4.106347231039848
52,68.40388939135718,-16.403889391357183
72,78.81076518349255,-6.810765183492549
54,65.76025561824073,-11.760255618240734
0,-37.283711203098534,37.283711203098534
16,38.626322450843595,-22.626322450843595
53,32.583839386462074,20.416160613537926
60,91.24690906707806,-31.246909067078064
159,143.73133820421432,15.268661795785675
98,106.62785965314563,-8.627859653145634
34,65.13253149940842,-31.132531499408415
86,89.12255832203539,-3.1225583220353883
85,105.92992029417516,-20.92992029417516
22,0.7633230470693917,21.23667695293061
12,27.775703134699384,-15.775703134699384
63,74.25732588745782,-11.257325887457824
64,83.08450740623803,-19.084507406238032
35,34.2764797945488,0.7235202054512015
24,16.0269940217308,7.9730059782691995
195,169.03285270999106,25.96714729000894
142,131.46035633003152,10.539643669968484
20,3.438536454106554,16.561463545893446
165,147.13610879649656,17.863891203503442
79,93.74301272749635,-14.74301272749635
18,-4.636176604413393,22.636176604413393
119,113.0149973399642,5.9850026600358035
72,92.04268945789761,-20.04268945789761
13,-6.1289047782244666,19.128904778224467
146,136.816806933311,9.183193066689
105,112.75229243661855,-7.752292436618546
43,41.07919973901049,1.920800260989509
27,38.9810355895427,-11.9810355895427
157,147.43302043910074,9.566979560899256
72,91.4306359485459,-19.4306359485459
116,117.66938356726332,-1.6693835672633242
107,105.64559833186556,1.354401668134443
20,3.1251375872715244,16.874862412728476
44,70.40932298172017,-26.409322981720166
73,83.58565032582062,-10.585650325820623
48,45.536367629146255,2.4636323708537446
6,28.32909243267629,-22.32909243267629
67,86.51387068801846,-19.513870688018457
63,76.60992135143698,-13.60992135143698
13,9.626322342445292,3.3736776575547083
75,94.54817360900921,-19.54817360900921
138,136.67538995328482,1.3246100467151791
74,82.54618203158599,-8.546182031585985
33,35.35810073854262,-2.3581007385426176
132,130.0127553186348,1.9872446813652118
18,17.363468482631966,0.6365315173680344
43,69.91227159400668,-26.912271594006683
82,96.80635419518333,-14.806354195183332
134,126.96409912654653,7.035900873453471
85,74.3511958376752,10.648804162324794
39,29.426917300774882,9.573082699225118
162,145.76403131687135,16.235968683128647
89,99.35213271900219,-10.352132719002185
26,60.10426496213829,-34.10426496213829
95,107.7861650087169,-12.786165008716907
33,29.726557685273143,3.273442314726857
41,66.94026313666889,-25.94026313666889
13,-13.837412931130444,26.837412931130444
66,63.36377018442795,2.636229815572051
65,84.39995254640735,-19.39995254640735
83,103.42581380568173,-20.425813805681727
40,30.483834259758197,9.516165740241803
16,9.631768591446288,6.3682314085537115
146,135.97289938260536,10.027100617394638
67,72.08255631557833,-5.08255631557833
59,78.35949563118952,-19.359495631189517
67,93.79843931302248,-26.798439313022484
58,60.64975634997257,-2.64975634997257
155,143.80923017989443,11.190769820105572
167,148.537108412426,18.462891587574006
33,39.01865747755447,-6.01865747755447
55,83.28397616566396,-28.283976165663958
51,57.37835301609681,-6.37835301609681
109,108.49522649936542,0.5047735006345846
58,72.43431131019581,-14.43431131019581
78,100.67575916465027,-22.675759164650273
13,13.01918294837629,-0.0191829483762902
0,-33.16590497872323,33.16590497872323
42,55.31652390636199,-13.316523906361986
0,-31.691542991878904,31.691542991878904
118,117.38558769864002,0.6144123013599767
119,116.33920716240621,2.660792837593789
71,84.90446662229358,-13.904466622293583
151,144.26149859711552,6.738501402884481
35,38.91725177627926,-3.917251776279258
9,14.608551507674214,-5.608551507674214
193,163.9131739047871,29.0868260952129
18,-3.0070769456815185,21.00707694568152
28,17.557314279761634,10.442685720238366
106,111.6375576180296,-5.637557618029604
0,-5.433854942215504,5.433854942215504
17,-3.625382135666385,20.625382135666385
65,82.77544881055091,-17.775448810550913
184,164.3670850306271,19.632914969372905
48,39.694882682407396,8.305117317592604
92,103.64769870780755,-11.64769870780755
40,35.7183538032249,4.2816461967751
48,60.524273180272296,-12.524273180272296
142,131.527955242976,10.472044757024008
82,92.48600533113867,-10.48600533113867
120,116.80494373938313,3.195056260616866
98,104.7087648284666,-6.708764828466599
102,102.65933754629374,-0.6593375462937416
100,108.09150647354058,-8.091506473540576
78,97.67395018911851,-19.673950189118514
131,125.07459496337174,5.925405036628263
80,97.02223962689843,-17.022239626898426
98,99.74398496805175,-1.7439849680517483
108,104.77036541795773,3.229634582042266
146,138.41200111738922,7.587998882610776
73,102.0476742952682,-29.047674295268195
27,17.499277919558608,9.500722080441392
41,71.82764849411899,-30.82764849411899
36,59.95762316721266,-23.95762316721266
156,144.50180213143813,11.498197868561874
158,146.3127924695503,11.687207530449712
103,110.24236100380605,-7.242361003806053
198,172.54842362710377,25.451576372896227
43,47.703298823042914,-4.703298823042914
0,-30.976944850499578,30.976944850499578
195,168.05772963970003,26.942270360299972
59,85.70194729715848,-26.701947297158483
65,70.39244399067746,-5.392443990677464
29,11.9699380728865,17.0300619271135
10,-11.512344757677852,21.51234475767785
140,129.15500198923107,10.844998010768933
69,85.15915003695568,-16.15915003695568
40,35.69610025035714,4.303899749642859
79,86.92067002808945,-7.920670028089447
18,3.119036895717528,14.880963104282472
40,57.60536327690641,-17.60536327690641
59,73.77391794394957,-14.77391794394957
167,152.8334775518434,14.166522448156599
95,112.9787345973181,-17.978734597318095
109,113.25923553868179,-4.259235538681793
53,69.82457542726593,-16.824575427265927
88,99.04910931916507,-11.049109319165069
2,-33.211888850436466,35.211888850436466
23,11.532838412459142,11.467161587540858
59,86.91481482576083,-27.91481482576083
158,146.31041544811444,11.68958455188556
80,94.887370762675,-14.887370762675005
53,71.86135243679128,-18.86135243679128
11,28.153676076124476,-17.153676076124476
184,160.7124876544168,23.287512345583195
64,70.22976238714809,-6.229762387148085
70,73.13479689966252,-3.1347968996625184
36,58.606387583383125,-22.606387583383125
3,-3.43769883286636,6.43769883286636
155,148.34348873962267,6.656511260377329
9,-15.81524137562981,24.81524137562981
7,-18.175377688836477,25.175377688836477
32,21.30671994989971,10.693280050100292
0,-37.139657244761366,37.139657244761366
177,160.16315738618144,16.83684261381856
148,136.85127517731416,11.148724822685836
8,-7.30804088731918,15.30804088731918
111,108.34862136753682,2.651378632463178
13,1.1449631404591543,11.855036859540846
147,141.22197980758347,5.778020192416534
77,84.63332418920233,-7.633324189202327
176,155.79526856640297,20.204731433597033
153,139.67273989603777,13.327260103962232
96,103.7389194532363,-7.738919453236306
164,147.3610588525053,16.638941147494705
183,157.56073115359203,25.43926884640797
191,161.51350591662165,29.486494083378346
81,99.58810567230336,-18.588105672303357
134,126.66252657515655,7.337473424843452
6,-10.1755665706945,16.1755665706945
7,13.147998396049125,-6.147998396049125
157,141.5857456699148,15.414254330085214
148,128.99511500699143,19.004884993008574
154,136.89577242055952,17.104227579440476
33,16.746796326258334,16.253203673741666
16,23.83739590402977,-7.837395904029769
27,20.876425497285616,6.1235745027143835
79,80.65639085756479,-1.6563908575647872
142,140.7882000147518,1.2117999852482058
146,140.54640996520928,5.453590034790722
33,49.53224380861248,-16.532243808612478
24,26.680169021817953,-2.680169021817953
48,65.6078970595265,-17.607897059526493
20,11.156955625270712,8.843044374729288
67,91.58078919382537,-24.580789193825368
29,32.61282989420206,-3.612829894202058
119,120.06190568240193,-1.0619056824019282
10,32.37376734240547,-22.373767342405472
90,95.07556543869953,-5.0755654386995275
68,78.08442054198474,-10.084420541984741
156,140.2972288269208,15.702771173079213
172,153.8588708453271,18.14112915467291
63,74.84615181833624,-11.846151818336239
48,56.37250303858098,-8.37250303858098
76,92.92331572294106,-16.923315722941055
37,68.51429102443728,-31.514291024437284
163,148.06788700142613,14.93211299857387
146,132.67409574571542,13.32590425428458
142,135.30362539912022,6.696374600879778
81,83.2344459934436,-2.2344459934436003
174,152.94679496196534,21.053205038034662
47,60.901307868248544,-13.901307868248544
69,80.3010829536502,-11.301082953650194
20,40.90601078716678,-20.906010787166778
15,9.00557254320286,5.9944274567971405
148,133.19140034941387,14.808599650586132
156,146.2278829457389,9.772117054261088
172,148.2187469151703,23.7812530848297
70,96.33841871352787,-26.338418713527872
17,34.24273340283292,-17.24273340283292
69,85.12327617042318,-16.123276170423182
0,-28.367279124176846,28.367279124176846
166,152.7719296423385,13.228070357661494
59,82.63283189746538,-23.63283189746538
102,107.24942264054289,-5.249422640542889
29,34.425751577398536,-5.425751577398536
87,95.02080782304428,-8.02080782304428
67,91.63672879986396,-24.63672879986396
36,51.18809752662925,-15.18809752662925
136,135.77233121247409,0.22766878752591424
33,31.16057964971189,1.8394203502881084
83,89.93690253402514,-6.936902534025137
63,80.53712751602558,-17.537127516025578
57,87.66124070039463,-30.66124070039463
65,84.54710155620616,-19.547101556206158
154,144.9234734537095,9.076526546290495
19,15.670260505296923,3.3297394947030767
29,35.595537850556,-6.595537850555999
78,85.0523803494751,-7.052380349475101
20,-0.18045568449404925,20.18045568449405
123,117.68878143779213,5.31121856220787
57,76.34025544536739,-19.34025544536739
