Actual,Predicted,Error,Residual
6,8.631979,-2.631978988647461,-2.631978988647461
91,95.17919,-4.179191589355469,-4.179191589355469
49,43.965412,5.034587860107422,5.034587860107422
90,88.55463,1.44537353515625,1.44537353515625
15,24.847519,-9.847518920898438,-9.847518920898438
127,112.86342,14.136581420898438,14.136581420898438
59,47.55451,11.445491790771484,11.445491790771484
53,63.20802,-10.208019256591797,-10.208019256591797
63,60.64505,2.354949951171875,2.354949951171875
53,57.341614,-4.34161376953125,-4.34161376953125
202,200.42015,1.5798492431640625,1.5798492431640625
158,163.49908,-5.49908447265625,-5.49908447265625
88,92.34981,-4.3498077392578125,-4.3498077392578125
120,119.84609,0.15390777587890625,0.15390777587890625
133,130.03708,2.962921142578125,2.962921142578125
3,16.695662,-13.695661544799805,-13.695661544799805
58,48.05729,9.942710876464844,9.942710876464844
53,46.870884,6.129116058349609,6.129116058349609
160,149.83205,10.167953491210938,10.167953491210938
55,76.91601,-21.91600799560547,-21.91600799560547
50,49.741318,0.2586822509765625,0.2586822509765625
97,99.32677,-2.3267669677734375,-2.3267669677734375
80,73.60872,6.3912811279296875,6.3912811279296875
83,68.000114,14.999885559082031,14.999885559082031
69,72.93583,-3.9358291625976562,-3.9358291625976562
176,160.05556,15.944442749023438,15.944442749023438
10,21.419273,-11.419273376464844,-11.419273376464844
122,115.08962,6.910377502441406,6.910377502441406
80,72.26906,7.7309417724609375,7.7309417724609375
37,34.459423,2.540576934814453,2.540576934814453
42,40.480957,1.51904296875,1.51904296875
73,85.75074,-12.750740051269531,-12.750740051269531
19,5.8275876,13.172412395477295,13.172412395477295
67,59.721027,7.278972625732422,7.278972625732422
54,61.493065,-7.493064880371094,-7.493064880371094
0,8.841077,-8.841076850891113,-8.841076850891113
82,70.16716,11.832839965820312,11.832839965820312
51,50.135628,0.8643722534179688,0.8643722534179688
45,43.034294,1.9657058715820312,1.9657058715820312
48,49.04842,-1.0484199523925781,-1.0484199523925781
8,16.100756,-8.10075569152832,-8.10075569152832
52,47.16759,4.832408905029297,4.832408905029297
43,35.657253,7.342746734619141,7.342746734619141
44,38.99177,5.008228302001953,5.008228302001953
72,51.01267,20.98733139038086,20.98733139038086
18,34.86866,-16.86865997314453,-16.86865997314453
55,31.845823,23.154176712036133,23.154176712036133
49,53.170773,-4.170772552490234,-4.170772552490234
61,58.2647,2.7352981567382812,2.7352981567382812
32,32.096516,-0.09651565551757812,-0.09651565551757812
46,37.078007,8.921993255615234,8.921993255615234
168,171.92004,-3.9200439453125,-3.9200439453125
55,55.33469,-0.3346900939941406,-0.3346900939941406
71,60.31685,10.683151245117188,10.683151245117188
13,4.1046805,8.89531946182251,8.89531946182251
189,192.22812,-3.228118896484375,-3.228118896484375
16,40.69257,-24.692569732666016,-24.692569732666016
176,157.97375,18.0262451171875,18.0262451171875
44,47.015358,-3.0153579711914062,-3.0153579711914062
160,151.13284,8.867156982421875,8.867156982421875
174,161.20615,12.793853759765625,12.793853759765625
27,24.803799,2.1962013244628906,2.1962013244628906
95,70.26528,24.734718322753906,24.734718322753906
55,56.450176,-1.4501762390136719,-1.4501762390136719
4,14.988792,-10.988792419433594,-10.988792419433594
186,174.39003,11.609970092773438,11.609970092773438
61,65.01573,-4.0157318115234375,-4.0157318115234375
56,52.502296,3.4977035522460938,3.4977035522460938
175,179.52142,-4.52142333984375,-4.52142333984375
67,60.815243,6.184757232666016,6.184757232666016
72,60.02561,11.974388122558594,11.974388122558594
54,40.62311,13.376888275146484,13.376888275146484
68,81.946075,-13.946075439453125,-13.946075439453125
35,30.641914,4.358085632324219,4.358085632324219
15,25.54426,-10.544260025024414,-10.544260025024414
24,24.972876,-0.9728755950927734,-0.9728755950927734
68,57.514812,10.485187530517578,10.485187530517578
10,22.721792,-12.721792221069336,-12.721792221069336
65,50.360565,14.639434814453125,14.639434814453125
28,40.104916,-12.104915618896484,-12.104915618896484
129,106.08072,22.919281005859375,22.919281005859375
48,56.02291,-8.022911071777344,-8.022911071777344
29,19.225435,9.774564743041992,9.774564743041992
165,156.1696,8.830398559570312,8.830398559570312
28,29.932096,-1.9320964813232422,-1.9320964813232422
39,14.68421,24.3157901763916,24.3157901763916
45,39.703735,5.2962646484375,5.2962646484375
4,13.092476,-9.092475891113281,-9.092475891113281
47,59.999805,-12.999805450439453,-12.999805450439453
53,59.2049,-6.204898834228516,-6.204898834228516
16,22.146835,-6.1468353271484375,-6.1468353271484375
175,173.73227,1.267730712890625,1.267730712890625
130,119.01924,10.980758666992188,10.980758666992188
21,23.65035,-2.650350570678711,-2.650350570678711
77,62.164,14.83599853515625,14.83599853515625
11,23.121435,-12.121435165405273,-12.121435165405273
67,67.45683,-0.4568328857421875,-0.4568328857421875
139,138.28204,0.71795654296875,0.71795654296875
9,16.436708,-7.436708450317383,-7.436708450317383
57,51.567883,5.432117462158203,5.432117462158203
124,136.45122,-12.451217651367188,-12.451217651367188
78,79.98762,-1.9876174926757812,-1.9876174926757812
147,144.37349,2.6265106201171875,2.6265106201171875
30,33.511414,-3.51141357421875,-3.51141357421875
23,24.231333,-1.231332778930664,-1.231332778930664
83,57.19467,25.805328369140625,25.805328369140625
42,31.16282,10.837179183959961,10.837179183959961
33,47.943184,-14.943183898925781,-14.943183898925781
82,75.2352,6.764801025390625,6.764801025390625
6,14.233548,-8.233548164367676,-8.233548164367676
136,122.09393,13.90606689453125,13.90606689453125
135,130.77765,4.22235107421875,4.22235107421875
77,81.69821,-4.698211669921875,-4.698211669921875
68,60.429413,7.570587158203125,7.570587158203125
50,56.988888,-6.988887786865234,-6.988887786865234
13,48.346653,-35.34665298461914,-35.34665298461914
58,43.502213,14.497787475585938,14.497787475585938
20,36.435226,-16.435226440429688,-16.435226440429688
202,199.1281,2.8719024658203125,2.8719024658203125
79,87.17114,-8.171142578125,-8.171142578125
45,57.39215,-12.39215087890625,-12.39215087890625
53,46.26741,6.7325897216796875,6.7325897216796875
41,18.654327,22.345672607421875,22.345672607421875
1,18.796312,-17.79631233215332,-17.79631233215332
38,23.980242,14.019758224487305,14.019758224487305
121,119.43146,1.56854248046875,1.56854248046875
84,82.21281,1.7871932983398438,1.7871932983398438
18,10.4368515,7.563148498535156,7.563148498535156
76,51.372284,24.627716064453125,24.627716064453125
78,78.498795,-0.4987945556640625,-0.4987945556640625
49,51.627728,-2.627727508544922,-2.627727508544922
63,75.537125,-12.537124633789062,-12.537124633789062
192,183.88422,8.11578369140625,8.11578369140625
186,187.77657,-1.7765655517578125,-1.7765655517578125
26,37.83443,-11.834430694580078,-11.834430694580078
78,80.60226,-2.6022567749023438,-2.6022567749023438
46,43.190372,2.8096275329589844,2.8096275329589844
64,53.8787,10.121299743652344,10.121299743652344
59,60.077236,-1.0772361755371094,-1.0772361755371094
77,55.80777,21.192230224609375,21.192230224609375
51,48.603848,2.3961524963378906,2.3961524963378906
50,52.067684,-2.0676841735839844,-2.0676841735839844
57,53.77518,3.2248191833496094,3.2248191833496094
6,16.430908,-10.430908203125,-10.430908203125
44,43.086517,0.913482666015625,0.913482666015625
174,171.551,2.449005126953125,2.449005126953125
167,173.53271,-6.53271484375,-6.53271484375
46,32.022602,13.977397918701172,13.977397918701172
56,40.323074,15.676925659179688,15.676925659179688
14,12.897716,1.1022844314575195,1.1022844314575195
50,51.40519,-1.4051895141601562,-1.4051895141601562
61,57.316967,3.683032989501953,3.683032989501953
55,52.519524,2.4804763793945312,2.4804763793945312
67,74.044304,-7.044303894042969,-7.044303894042969
8,11.571066,-3.571065902709961,-3.571065902709961
75,84.71821,-9.718208312988281,-9.718208312988281
181,178.77371,2.226287841796875,2.226287841796875
141,157.66196,-16.661956787109375,-16.661956787109375
122,128.98065,-6.98065185546875,-6.98065185546875
39,51.52312,-12.523120880126953,-12.523120880126953
150,135.50601,14.493988037109375,14.493988037109375
15,3.062025,11.93797492980957,11.93797492980957
187,186.00446,0.99554443359375,0.99554443359375
62,58.96125,3.0387496948242188,3.0387496948242188
186,187.32965,-1.32965087890625,-1.32965087890625
40,37.845745,2.154254913330078,2.154254913330078
137,148.11053,-11.11053466796875,-11.11053466796875
91,100.50528,-9.505279541015625,-9.505279541015625
11,40.316273,-29.316272735595703,-29.316272735595703
77,66.89971,10.100288391113281,10.100288391113281
10,23.152262,-13.152261734008789,-13.152261734008789
6,18.143839,-12.143838882446289,-12.143838882446289
37,44.519234,-7.519233703613281,-7.519233703613281
46,46.921337,-0.9213371276855469,-0.9213371276855469
50,61.40576,-11.40576171875,-11.40576171875
211,187.38646,23.613540649414062,23.613540649414062
28,40.4795,-12.479499816894531,-12.479499816894531
158,141.46678,16.533218383789062,16.533218383789062
84,77.091576,6.908424377441406,6.908424377441406
97,95.150345,1.8496551513671875,1.8496551513671875
69,59.04862,9.95138168334961,9.95138168334961
43,52.513706,-9.51370620727539,-9.51370620727539
121,112.4295,8.570503234863281,8.570503234863281
44,30.297518,13.702482223510742,13.702482223510742
137,136.24416,0.7558441162109375,0.7558441162109375
62,64.38625,-2.3862533569335938,-2.3862533569335938
72,66.263,5.73699951171875,5.73699951171875
3,2.8090723,0.19092774391174316,0.19092774391174316
91,79.77385,11.226150512695312,11.226150512695312
195,185.09776,9.902236938476562,9.902236938476562
54,53.6617,0.3382987976074219,0.3382987976074219
180,195.30696,-15.306961059570312,-15.306961059570312
3,6.7078524,-3.707852363586426,-3.707852363586426
51,40.573563,10.426437377929688,10.426437377929688
45,53.864754,-8.864753723144531,-8.864753723144531
51,30.952639,20.047361373901367,20.047361373901367
55,62.215347,-7.2153472900390625,-7.2153472900390625
0,4.9813957,-4.981395721435547,-4.981395721435547
63,63.41488,-0.41487884521484375,-0.41487884521484375
168,153.6786,14.321395874023438,14.321395874023438
22,26.212852,-4.212852478027344,-4.212852478027344
162,165.74098,-3.7409820556640625,-3.7409820556640625
75,74.5835,0.41649627685546875,0.41649627685546875
159,154.16826,4.8317413330078125,4.8317413330078125
16,15.533744,0.46625614166259766,0.46625614166259766
208,205.10565,2.89434814453125,2.89434814453125
68,45.981155,22.018844604492188,22.018844604492188
82,91.47739,-9.477386474609375,-9.477386474609375
46,51.128483,-5.128482818603516,-5.128482818603516
39,29.90347,9.09653091430664,9.09653091430664
83,99.611755,-16.61175537109375,-16.61175537109375
19,33.42351,-14.423511505126953,-14.423511505126953
42,45.8349,-3.83489990234375,-3.83489990234375
36,45.97761,-9.977611541748047,-9.977611541748047
81,64.42903,16.570968627929688,16.570968627929688
103,103.53757,-0.537567138671875,-0.537567138671875
41,35.88801,5.111991882324219,5.111991882324219
121,135.68883,-14.688827514648438,-14.688827514648438
135,132.27397,2.7260284423828125,2.7260284423828125
173,156.7138,16.28619384765625,16.28619384765625
68,65.32059,2.679412841796875,2.679412841796875
69,72.679825,-3.6798248291015625,-3.6798248291015625
171,162.66174,8.3382568359375,8.3382568359375
43,63.45311,-20.453109741210938,-20.453109741210938
43,39.997925,3.0020751953125,3.0020751953125
90,102.885376,-12.8853759765625,-12.8853759765625
146,138.08989,7.9101104736328125,7.9101104736328125
78,66.87596,11.124038696289062,11.124038696289062
31,54.487133,-23.487133026123047,-23.487133026123047
56,58.841175,-2.841175079345703,-2.841175079345703
193,176.63774,16.362258911132812,16.362258911132812
171,167.62027,3.379730224609375,3.379730224609375
37,51.518528,-14.51852798461914,-14.51852798461914
1,11.08555,-10.085550308227539,-10.085550308227539
12,14.779694,-2.779693603515625,-2.779693603515625
44,51.934505,-7.934505462646484,-7.934505462646484
40,43.18271,-3.182708740234375,-3.182708740234375
199,192.96251,6.0374908447265625,6.0374908447265625
64,56.737522,7.262477874755859,7.262477874755859
179,170.70657,8.293426513671875,8.293426513671875
86,96.4665,-10.466499328613281,-10.466499328613281
143,142.57063,0.4293670654296875,0.4293670654296875
52,47.715813,4.284187316894531,4.284187316894531
69,73.79447,-4.794471740722656,-4.794471740722656
32,36.960293,-4.960292816162109,-4.960292816162109
0,4.590847,-4.590847015380859,-4.590847015380859
8,12.857381,-4.8573808670043945,-4.8573808670043945
40,56.113464,-16.11346435546875,-16.11346435546875
43,54.81529,-11.815288543701172,-11.815288543701172
163,183.26599,-20.2659912109375,-20.2659912109375
37,52.380062,-15.380062103271484,-15.380062103271484
73,61.23238,11.767620086669922,11.767620086669922
28,32.532143,-4.532142639160156,-4.532142639160156
55,54.477253,0.5227470397949219,0.5227470397949219
49,52.287178,-3.2871780395507812,-3.2871780395507812
151,142.77917,8.2208251953125,8.2208251953125
12,6.744999,5.255001068115234,5.255001068115234
42,36.521763,5.478237152099609,5.478237152099609
12,14.232343,-2.2323427200317383,-2.2323427200317383
79,83.61823,-4.618232727050781,-4.618232727050781
42,21.730202,20.269798278808594,20.269798278808594
20,31.043573,-11.043573379516602,-11.043573379516602
122,122.64716,-0.6471633911132812,-0.6471633911132812
121,120.8734,0.1266021728515625,0.1266021728515625
161,155.67097,5.3290252685546875,5.3290252685546875
94,80.01741,13.982589721679688,13.982589721679688
0,17.009766,-17.009765625,-17.009765625
48,61.076836,-13.076835632324219,-13.076835632324219
193,195.5326,-2.5325927734375,-2.5325927734375
96,95.972084,0.02791595458984375,0.02791595458984375
27,25.86766,1.1323394775390625,1.1323394775390625
29,32.204258,-3.2042579650878906,-3.2042579650878906
2,11.230413,-9.230413436889648,-9.230413436889648
60,39.040276,20.95972442626953,20.95972442626953
103,86.02178,16.97821807861328,16.97821807861328
129,156.57109,-27.571090698242188,-27.571090698242188
153,156.09564,-3.09564208984375,-3.09564208984375
96,77.00408,18.99591827392578,18.99591827392578
110,104.75401,5.2459869384765625,5.2459869384765625
112,122.94822,-10.948219299316406,-10.948219299316406
167,188.4128,-21.412796020507812,-21.412796020507812
157,154.97885,2.021148681640625,2.021148681640625
11,12.577051,-1.5770511627197266,-1.5770511627197266
134,130.0893,3.91070556640625,3.91070556640625
0,4.9741354,-4.974135398864746,-4.974135398864746
67,63.745842,3.2541580200195312,3.2541580200195312
65,67.3734,-2.3733978271484375,-2.3733978271484375
33,34.597042,-1.5970420837402344,-1.5970420837402344
6,22.757298,-16.75729751586914,-16.75729751586914
60,65.30955,-5.309547424316406,-5.309547424316406
7,17.374142,-10.374141693115234,-10.374141693115234
69,64.00226,4.99774169921875,4.99774169921875
75,81.77529,-6.775291442871094,-6.775291442871094
184,185.9689,-1.968902587890625,-1.968902587890625
131,138.10683,-7.1068267822265625,-7.1068267822265625
129,129.07846,-0.078460693359375,-0.078460693359375
52,65.739365,-13.739364624023438,-13.739364624023438
7,22.332891,-15.332891464233398,-15.332891464233398
52,46.11971,5.880290985107422,5.880290985107422
87,65.75395,21.246047973632812,21.246047973632812
28,33.871857,-5.871856689453125,-5.871856689453125
90,84.29126,5.708740234375,5.708740234375
142,146.12485,-4.124847412109375,-4.124847412109375
161,163.96945,-2.969451904296875,-2.969451904296875
8,24.731472,-16.73147201538086,-16.73147201538086
159,177.52637,-18.5263671875,-18.5263671875
100,91.52201,8.477989196777344,8.477989196777344
23,33.70265,-10.702648162841797,-10.702648162841797
30,48.732964,-18.73296356201172,-18.73296356201172
54,50.523872,3.4761276245117188,3.4761276245117188
92,111.322334,-19.32233428955078,-19.32233428955078
90,72.109695,17.890304565429688,17.890304565429688
130,126.58815,3.4118499755859375,3.4118499755859375
172,171.60612,0.3938751220703125,0.3938751220703125
76,67.75449,8.245506286621094,8.245506286621094
174,157.08247,16.917526245117188,16.917526245117188
57,53.308697,3.691303253173828,3.691303253173828
65,62.87835,2.1216506958007812,2.1216506958007812
66,75.54068,-9.540679931640625,-9.540679931640625
21,29.454262,-8.454261779785156,-8.454261779785156
15,19.57772,-4.577720642089844,-4.577720642089844
32,26.167286,5.832714080810547,5.832714080810547
108,110.84151,-2.8415069580078125,-2.8415069580078125
43,39.34369,3.65631103515625,3.65631103515625
46,37.77402,8.22597885131836,8.22597885131836
94,111.08423,-17.084228515625,-17.084228515625
103,88.94018,14.059822082519531,14.059822082519531
6,7.18196,-1.181960105895996,-1.181960105895996
60,57.70326,2.296741485595703,2.296741485595703
53,72.00153,-19.00153350830078,-19.00153350830078
119,114.60699,4.393013000488281,4.393013000488281
138,127.90747,10.092529296875,10.092529296875
48,49.280785,-1.2807846069335938,-1.2807846069335938
44,46.786827,-2.7868270874023438,-2.7868270874023438
63,77.947655,-14.947654724121094,-14.947654724121094
171,146.18788,24.812118530273438,24.812118530273438
63,81.51921,-18.519210815429688,-18.519210815429688
87,71.351036,15.648963928222656,15.648963928222656
79,69.11384,9.886161804199219,9.886161804199219
55,77.86024,-22.86023712158203,-22.86023712158203
200,208.4036,-8.403594970703125,-8.403594970703125
128,124.33446,3.6655426025390625,3.6655426025390625
22,37.886894,-15.886894226074219,-15.886894226074219
96,96.06924,-0.06923675537109375,-0.06923675537109375
30,56.661736,-26.66173553466797,-26.66173553466797
21,36.75722,-15.757221221923828,-15.757221221923828
44,49.06137,-5.061370849609375,-5.061370849609375
18,44.209866,-26.20986557006836,-26.20986557006836
181,166.24321,14.756790161132812,14.756790161132812
117,100.17688,16.8231201171875,16.8231201171875
146,137.37674,8.623260498046875,8.623260498046875
43,45.124813,-2.1248130798339844,-2.1248130798339844
63,67.23862,-4.238616943359375,-4.238616943359375
16,12.860389,3.13961124420166,3.13961124420166
68,58.834377,9.16562271118164,9.16562271118164
66,74.0964,-8.096397399902344,-8.096397399902344
22,38.609028,-16.609027862548828,-16.609027862548828
153,180.20937,-27.209365844726562,-27.209365844726562
59,61.926704,-2.9267044067382812,-2.9267044067382812
85,96.64596,-11.645957946777344,-11.645957946777344
14,18.39791,-4.397909164428711,-4.397909164428711
43,39.199383,3.800617218017578,3.800617218017578
103,86.65693,16.34307098388672,16.34307098388672
84,78.70709,5.29290771484375,5.29290771484375
42,55.629868,-13.629867553710938,-13.629867553710938
0,15.23339,-15.233389854431152,-15.233389854431152
62,66.38764,-4.387641906738281,-4.387641906738281
27,22.787159,4.212841033935547,4.212841033935547
47,43.834976,3.1650238037109375,3.1650238037109375
94,87.4775,6.522499084472656,6.522499084472656
45,56.75635,-11.756351470947266,-11.756351470947266
149,146.48941,2.510589599609375,2.510589599609375
28,41.827305,-13.82730484008789,-13.82730484008789
109,120.7012,-11.701202392578125,-11.701202392578125
31,23.659897,7.3401031494140625,7.3401031494140625
108,105.59192,2.4080810546875,2.4080810546875
197,182.39203,14.60797119140625,14.60797119140625
161,177.32346,-16.323455810546875,-16.323455810546875
83,77.057655,5.942344665527344,5.942344665527344
17,52.161385,-35.16138458251953,-35.16138458251953
130,95.980316,34.019683837890625,34.019683837890625
43,27.268194,15.731805801391602,15.731805801391602
97,85.742256,11.257743835449219,11.257743835449219
76,77.49944,-1.4994430541992188,-1.4994430541992188
1,3.9369783,-2.936978340148926,-2.936978340148926
42,47.997044,-5.997043609619141,-5.997043609619141
188,184.4784,3.5216064453125,3.5216064453125
145,153.69746,-8.697463989257812,-8.697463989257812
94,97.65725,-3.6572494506835938,-3.6572494506835938
24,35.341812,-11.341812133789062,-11.341812133789062
114,99.244995,14.7550048828125,14.7550048828125
60,64.29522,-4.295219421386719,-4.295219421386719
61,71.531,-10.530998229980469,-10.530998229980469
3,11.082687,-8.082687377929688,-8.082687377929688
68,72.76645,-4.766448974609375,-4.766448974609375
53,57.361626,-4.361625671386719,-4.361625671386719
57,81.87434,-24.87433624267578,-24.87433624267578
85,66.226295,18.773704528808594,18.773704528808594
108,97.52139,10.478607177734375,10.478607177734375
43,41.715767,1.2842330932617188,1.2842330932617188
135,158.21556,-23.215560913085938,-23.215560913085938
16,24.165249,-8.16524887084961,-8.16524887084961
42,61.56584,-19.565841674804688,-19.565841674804688
90,84.230804,5.769195556640625,5.769195556640625
51,52.815426,-1.8154258728027344,-1.8154258728027344
75,74.041046,0.958953857421875,0.958953857421875
155,139.21892,15.781082153320312,15.781082153320312
166,167.28146,-1.281463623046875,-1.281463623046875
47,51.786606,-4.7866058349609375,-4.7866058349609375
48,48.03596,-0.035961151123046875,-0.035961151123046875
126,124.69422,1.3057785034179688,1.3057785034179688
111,103.84956,7.1504364013671875,7.1504364013671875
69,76.490715,-7.490715026855469,-7.490715026855469
39,36.65524,2.3447608947753906,2.3447608947753906
0,5.236633,-5.236632823944092,-5.236632823944092
92,87.77891,4.221092224121094,4.221092224121094
71,78.85714,-7.857139587402344,-7.857139587402344
2,23.043234,-21.04323387145996,-21.04323387145996
32,43.524403,-11.524402618408203,-11.524402618408203
83,79.29391,3.7060928344726562,3.7060928344726562
69,86.40507,-17.405067443847656,-17.405067443847656
65,62.11604,2.883960723876953,2.883960723876953
112,92.353516,19.646484375,19.646484375
28,37.00527,-9.005268096923828,-9.005268096923828
105,100.69551,4.3044891357421875,4.3044891357421875
14,14.314151,-0.3141508102416992,-0.3141508102416992
37,40.69222,-3.692218780517578,-3.692218780517578
140,138.62935,1.3706512451171875,1.3706512451171875
21,17.003038,3.9969615936279297,3.9969615936279297
56,52.531734,3.4682655334472656,3.4682655334472656
20,21.82168,-1.8216800689697266,-1.8216800689697266
86,79.88488,6.115119934082031,6.115119934082031
52,50.36476,1.6352386474609375,1.6352386474609375
91,91.61598,-0.6159820556640625,-0.6159820556640625
0,9.342549,-9.342549324035645,-9.342549324035645
77,54.067677,22.932323455810547,22.932323455810547
40,32.040943,7.959056854248047,7.959056854248047
89,71.76458,17.23542022705078,17.23542022705078
68,64.12897,3.87103271484375,3.87103271484375
43,33.007664,9.99233627319336,9.99233627319336
60,49.79556,10.20444107055664,10.20444107055664
157,159.87038,-2.8703765869140625,-2.8703765869140625
65,66.22894,-1.22894287109375,-1.22894287109375
23,22.811417,0.1885833740234375,0.1885833740234375
39,39.745945,-0.7459449768066406,-0.7459449768066406
109,108.46568,0.5343170166015625,0.5343170166015625
36,35.169933,0.8300666809082031,0.8300666809082031
26,28.366262,-2.366262435913086,-2.366262435913086
13,20.226786,-7.226785659790039,-7.226785659790039
214,195.37767,18.622329711914062,18.622329711914062
202,186.53004,15.469955444335938,15.469955444335938
215,197.31343,17.686569213867188,17.686569213867188
78,80.86622,-2.8662185668945312,-2.8662185668945312
56,48.243713,7.75628662109375,7.75628662109375
15,28.029154,-13.029153823852539,-13.029153823852539
53,42.352463,10.647537231445312,10.647537231445312
174,177.11247,-3.1124725341796875,-3.1124725341796875
85,88.38463,-3.3846282958984375,-3.3846282958984375
120,121.09559,-1.0955886840820312,-1.0955886840820312
43,62.120014,-19.120014190673828,-19.120014190673828
88,86.5519,1.4480972290039062,1.4480972290039062
95,78.53079,16.469207763671875,16.469207763671875
131,150.91754,-19.91754150390625,-19.91754150390625
60,57.24986,2.750141143798828,2.750141143798828
68,77.07828,-9.078277587890625,-9.078277587890625
91,85.80572,5.194282531738281,5.194282531738281
87,91.13616,-4.136161804199219,-4.136161804199219
98,103.370605,-5.37060546875,-5.37060546875
157,153.80669,3.1933135986328125,3.1933135986328125
31,38.07829,-7.078289031982422,-7.078289031982422
83,79.02732,3.9726791381835938,3.9726791381835938
33,36.541985,-3.5419845581054688,-3.5419845581054688
176,159.24219,16.7578125,16.7578125
136,145.50597,-9.505966186523438,-9.505966186523438
132,129.35448,2.6455230712890625,2.6455230712890625
0,-1.5618187,1.5618187189102173,1.5618187189102173
12,12.927511,-0.9275112152099609,-0.9275112152099609
197,191.75845,5.241546630859375,5.241546630859375
11,24.709564,-13.709564208984375,-13.709564208984375
24,14.180302,9.819698333740234,9.819698333740234
42,38.488052,3.5119476318359375,3.5119476318359375
36,38.268555,-2.2685546875,-2.2685546875
16,12.660938,3.339061737060547,3.339061737060547
2,19.09196,-17.091960906982422,-17.091960906982422
47,32.720776,14.279224395751953,14.279224395751953
27,25.100037,1.89996337890625,1.89996337890625
54,61.370567,-7.370567321777344,-7.370567321777344
25,16.278387,8.721612930297852,8.721612930297852
37,21.559435,15.44056510925293,15.44056510925293
73,91.598656,-18.598655700683594,-18.598655700683594
148,146.27231,1.727691650390625,1.727691650390625
18,21.125664,-3.1256637573242188,-3.1256637573242188
54,48.919468,5.080532073974609,5.080532073974609
26,31.169353,-5.169353485107422,-5.169353485107422
184,190.88493,-6.8849334716796875,-6.8849334716796875
67,69.918976,-2.918975830078125,-2.918975830078125
24,10.769322,13.230677604675293,13.230677604675293
6,16.638954,-10.638954162597656,-10.638954162597656
70,62.08035,7.919651031494141,7.919651031494141
56,41.231586,14.768413543701172,14.768413543701172
35,15.923067,19.076932907104492,19.076932907104492
75,71.873344,3.1266555786132812,3.1266555786132812
32,30.880453,1.119546890258789,1.119546890258789
174,194.8896,-20.889602661132812,-20.889602661132812
61,63.924454,-2.9244537353515625,-2.9244537353515625
173,175.21658,-2.216583251953125,-2.216583251953125
17,13.895462,3.1045379638671875,3.1045379638671875
146,123.2016,22.79840087890625,22.79840087890625
67,48.783173,18.216827392578125,18.216827392578125
73,61.56964,11.43035888671875,11.43035888671875
41,40.365906,0.63409423828125,0.63409423828125
169,166.9583,2.0417022705078125,2.0417022705078125
44,42.12222,1.8777809143066406,1.8777809143066406
76,93.0663,-17.066299438476562,-17.066299438476562
61,68.68382,-7.6838226318359375,-7.6838226318359375
36,33.24806,2.751941680908203,2.751941680908203
52,40.046852,11.953147888183594,11.953147888183594
73,79.32739,-6.327392578125,-6.327392578125
32,37.60574,-5.605739593505859,-5.605739593505859
2,9.716145,-7.716144561767578,-7.716144561767578
52,46.447025,5.552974700927734,5.552974700927734
29,24.087431,4.912569046020508,4.912569046020508
72,76.81046,-4.810462951660156,-4.810462951660156
91,79.37145,11.628547668457031,11.628547668457031
20,17.787252,2.212747573852539,2.212747573852539
48,55.9708,-7.970798492431641,-7.970798492431641
74,50.135838,23.86416244506836,23.86416244506836
72,74.57129,-2.5712890625,-2.5712890625
48,58.32647,-10.326469421386719,-10.326469421386719
98,102.790634,-4.7906341552734375,-4.7906341552734375
100,107.74444,-7.744438171386719,-7.744438171386719
14,16.906025,-2.906024932861328,-2.906024932861328
74,77.1451,-3.1451034545898438,-3.1451034545898438
49,42.93549,6.064510345458984,6.064510345458984
70,79.76888,-9.768882751464844,-9.768882751464844
191,198.80063,-7.800628662109375,-7.800628662109375
51,41.051582,9.948417663574219,9.948417663574219
43,36.857357,6.142642974853516,6.142642974853516
149,148.07959,0.92041015625,0.92041015625
154,143.94568,10.0543212890625,10.0543212890625
60,68.180756,-8.180755615234375,-8.180755615234375
52,64.450615,-12.450614929199219,-12.450614929199219
40,35.238792,4.761207580566406,4.761207580566406
18,10.06182,7.938179969787598,7.938179969787598
103,109.72843,-6.728431701660156,-6.728431701660156
19,25.814777,-6.814777374267578,-6.814777374267578
39,36.64585,2.3541488647460938,2.3541488647460938
31,33.632927,-2.6329269409179688,-2.6329269409179688
56,61.539207,-5.539207458496094,-5.539207458496094
58,60.51632,-2.5163192749023438,-2.5163192749023438
127,115.37152,11.62847900390625,11.62847900390625
77,83.41867,-6.418670654296875,-6.418670654296875
87,59.960384,27.039615631103516,27.039615631103516
181,198.00803,-17.008026123046875,-17.008026123046875
13,14.2822695,-1.2822694778442383,-1.2822694778442383
26,32.321156,-6.321155548095703,-6.321155548095703
0,10.149117,-10.149117469787598,-10.149117469787598
124,129.7955,-5.795501708984375,-5.795501708984375
115,124.181984,-9.181983947753906,-9.181983947753906
52,40.586,11.41400146484375,11.41400146484375
37,39.163063,-2.1630630493164062,-2.1630630493164062
27,33.49438,-6.494380950927734,-6.494380950927734
71,70.14585,0.8541488647460938,0.8541488647460938
53,73.98164,-20.981643676757812,-20.981643676757812
36,40.202538,-4.202537536621094,-4.202537536621094
60,58.853355,1.1466445922851562,1.1466445922851562
34,45.396645,-11.396644592285156,-11.396644592285156
25,53.74852,-28.748519897460938,-28.748519897460938
52,64.28162,-12.2816162109375,-12.2816162109375
11,20.72813,-9.728130340576172,-9.728130340576172
58,42.94161,15.058391571044922,15.058391571044922
30,34.85674,-4.856739044189453,-4.856739044189453
21,31.329855,-10.329854965209961,-10.329854965209961
112,101.48927,10.510726928710938,10.510726928710938
3,8.090918,-5.090917587280273,-5.090917587280273
110,110.519905,-0.5199050903320312,-0.5199050903320312
9,20.082882,-11.082881927490234,-11.082881927490234
22,21.444912,0.5550880432128906,0.5550880432128906
204,204.13275,-0.13275146484375,-0.13275146484375
43,51.628254,-8.628253936767578,-8.628253936767578
186,188.83081,-2.830810546875,-2.830810546875
75,78.07919,-3.079193115234375,-3.079193115234375
80,70.12086,9.879142761230469,9.879142761230469
174,179.54253,-5.5425262451171875,-5.5425262451171875
14,22.156572,-8.156572341918945,-8.156572341918945
93,91.44831,1.5516891479492188,1.5516891479492188
28,35.315853,-7.315853118896484,-7.315853118896484
123,110.08132,12.918678283691406,12.918678283691406
30,46.194458,-16.1944580078125,-16.1944580078125
28,30.90561,-2.905609130859375,-2.905609130859375
208,206.3737,1.6262969970703125,1.6262969970703125
99,120.997375,-21.99737548828125,-21.99737548828125
95,93.817955,1.1820449829101562,1.1820449829101562
76,93.49527,-17.495269775390625,-17.495269775390625
61,53.422028,7.577972412109375,7.577972412109375
150,128.42262,21.577377319335938,21.577377319335938
27,32.429646,-5.429645538330078,-5.429645538330078
88,66.91275,21.087249755859375,21.087249755859375
145,165.53384,-20.533843994140625,-20.533843994140625
70,73.338615,-3.3386154174804688,-3.3386154174804688
55,49.998386,5.001613616943359,5.001613616943359
155,139.27722,15.7227783203125,15.7227783203125
134,146.4282,-12.428207397460938,-12.428207397460938
2,18.550022,-16.55002212524414,-16.55002212524414
46,50.322968,-4.322967529296875,-4.322967529296875
59,82.60344,-23.603439331054688,-23.603439331054688
104,87.66696,16.333038330078125,16.333038330078125
41,55.675236,-14.675235748291016,-14.675235748291016
180,184.28217,-4.28216552734375,-4.28216552734375
140,140.42229,-0.4222869873046875,-0.4222869873046875
87,89.158485,-2.1584854125976562,-2.1584854125976562
0,4.6400104,-4.640010356903076,-4.640010356903076
81,104.46547,-23.465469360351562,-23.465469360351562
116,99.77946,16.220542907714844,16.220542907714844
1,4.0276995,-3.0276994705200195,-3.0276994705200195
9,14.8941555,-5.894155502319336,-5.894155502319336
73,56.037807,16.96219253540039,16.96219253540039
16,27.899082,-11.89908218383789,-11.89908218383789
30,27.251156,2.7488441467285156,2.7488441467285156
147,152.66591,-5.6659088134765625,-5.6659088134765625
67,86.87802,-19.878021240234375,-19.878021240234375
99,98.34107,0.6589279174804688,0.6589279174804688
87,70.81591,16.18408966064453,16.18408966064453
125,117.35733,7.642669677734375,7.642669677734375
18,35.29657,-17.29656982421875,-17.29656982421875
145,144.88354,0.116455078125,0.116455078125
66,51.812153,14.187847137451172,14.187847137451172
68,64.1872,3.8127975463867188,3.8127975463867188
13,14.383033,-1.3830327987670898,-1.3830327987670898
110,104.95812,5.041877746582031,5.041877746582031
69,56.289825,12.710174560546875,12.710174560546875
33,18.473166,14.526834487915039,14.526834487915039
87,111.82599,-24.82598876953125,-24.82598876953125
3,17.689754,-14.689754486083984,-14.689754486083984
190,185.17366,4.8263397216796875,4.8263397216796875
48,42.203938,5.796062469482422,5.796062469482422
38,42.722286,-4.722286224365234,-4.722286224365234
93,99.92519,-6.925193786621094,-6.925193786621094
198,187.37079,10.62921142578125,10.62921142578125
79,65.676216,13.323783874511719,13.323783874511719
51,51.650616,-0.6506156921386719,-0.6506156921386719
79,72.98403,6.015968322753906,6.015968322753906
56,47.27702,8.722980499267578,8.722980499267578
76,79.61367,-3.6136703491210938,-3.6136703491210938
44,46.407497,-2.4074974060058594,-2.4074974060058594
76,87.95048,-11.950477600097656,-11.950477600097656
8,9.149596,-1.1495962142944336,-1.1495962142944336
189,178.0209,10.979095458984375,10.979095458984375
65,81.49214,-16.492141723632812,-16.492141723632812
29,34.69932,-5.699321746826172,-5.699321746826172
182,181.92166,0.078338623046875,0.078338623046875
126,140.53307,-14.533065795898438,-14.533065795898438
172,182.01091,-10.010910034179688,-10.010910034179688
31,20.236452,10.763547897338867,10.763547897338867
39,33.35544,5.644561767578125,5.644561767578125
44,55.82672,-11.82672119140625,-11.82672119140625
80,70.29074,9.709259033203125,9.709259033203125
15,23.445623,-8.445623397827148,-8.445623397827148
10,15.351722,-5.35172176361084,-5.35172176361084
113,118.52243,-5.522430419921875,-5.522430419921875
82,71.32863,10.671371459960938,10.671371459960938
64,65.72124,-1.7212371826171875,-1.7212371826171875
103,88.79308,14.206916809082031,14.206916809082031
24,31.846418,-7.846418380737305,-7.846418380737305
48,26.560278,21.439722061157227,21.439722061157227
39,40.459366,-1.4593658447265625,-1.4593658447265625
138,116.38122,21.61878204345703,21.61878204345703
88,88.10386,-0.10385894775390625,-0.10385894775390625
35,29.57678,5.423219680786133,5.423219680786133
122,121.02508,0.9749221801757812,0.9749221801757812
18,37.832134,-19.832134246826172,-19.832134246826172
29,19.06598,9.934019088745117,9.934019088745117
83,58.071487,24.928512573242188,24.928512573242188
35,41.599007,-6.599006652832031,-6.599006652832031
46,65.32992,-19.329917907714844,-19.329917907714844
211,199.5121,11.487899780273438,11.487899780273438
75,77.283295,-2.283294677734375,-2.283294677734375
65,58.630623,6.369377136230469,6.369377136230469
48,41.82574,6.174259185791016,6.174259185791016
158,156.08665,1.9133453369140625,1.9133453369140625
55,67.556984,-12.556983947753906,-12.556983947753906
196,198.67899,-2.678985595703125,-2.678985595703125
3,4.8838525,-1.883852481842041,-1.883852481842041
69,70.51186,-1.5118637084960938,-1.5118637084960938
37,27.225925,9.77407455444336,9.77407455444336
79,86.59769,-7.597686767578125,-7.597686767578125
19,45.1721,-26.172100067138672,-26.172100067138672
82,73.01858,8.981422424316406,8.981422424316406
89,77.586395,11.413604736328125,11.413604736328125
162,163.11766,-1.1176605224609375,-1.1176605224609375
95,97.53223,-2.5322265625,-2.5322265625
51,64.77663,-13.776626586914062,-13.776626586914062
77,92.24297,-15.242973327636719,-15.242973327636719
103,114.03111,-11.031112670898438,-11.031112670898438
31,30.335508,0.6644916534423828,0.6644916534423828
47,55.752174,-8.752174377441406,-8.752174377441406
40,38.64221,1.3577919006347656,1.3577919006347656
78,69.848656,8.151344299316406,8.151344299316406
31,45.582287,-14.582286834716797,-14.582286834716797
25,23.196194,1.8038063049316406,1.8038063049316406
84,83.94318,0.05682373046875,0.05682373046875
57,48.55095,8.449050903320312,8.449050903320312
82,66.90215,15.097846984863281,15.097846984863281
45,46.40305,-1.4030494689941406,-1.4030494689941406
99,113.98905,-14.989051818847656,-14.989051818847656
156,153.40433,2.595672607421875,2.595672607421875
35,28.766207,6.233793258666992,6.233793258666992
0,5.8036222,-5.803622245788574,-5.803622245788574
74,73.99951,0.00048828125,0.00048828125
58,62.809895,-4.809894561767578,-4.809894561767578
61,51.496128,9.50387191772461,9.50387191772461
163,156.232,6.76800537109375,6.76800537109375
64,78.08247,-14.082473754882812,-14.082473754882812
184,181.44714,2.5528564453125,2.5528564453125
131,144.82767,-13.827667236328125,-13.827667236328125
51,67.60664,-16.606643676757812,-16.606643676757812
20,16.618654,3.381345748901367,3.381345748901367
35,22.4053,12.59469985961914,12.59469985961914
103,94.59101,8.408988952636719,8.408988952636719
164,181.22493,-17.224929809570312,-17.224929809570312
84,84.751945,-0.7519454956054688,-0.7519454956054688
35,38.04464,-3.0446395874023438,-3.0446395874023438
62,50.596024,11.403976440429688,11.403976440429688
133,137.24603,-4.24603271484375,-4.24603271484375
31,44.67295,-13.672950744628906,-13.672950744628906
22,36.18806,-14.188060760498047,-14.188060760498047
166,155.10382,10.89617919921875,10.89617919921875
147,135.73575,11.264251708984375,11.264251708984375
79,85.84267,-6.8426666259765625,-6.8426666259765625
6,23.03739,-17.037389755249023,-17.037389755249023
37,22.811539,14.188461303710938,14.188461303710938
49,55.15825,-6.1582489013671875,-6.1582489013671875
163,156.38698,6.6130218505859375,6.6130218505859375
79,88.18808,-9.188079833984375,-9.188079833984375
147,140.73672,6.263275146484375,6.263275146484375
53,56.560684,-3.5606842041015625,-3.5606842041015625
177,165.42847,11.571533203125,11.571533203125
160,133.56761,26.432388305664062,26.432388305664062
95,76.654175,18.3458251953125,18.3458251953125
200,191.80168,8.198318481445312,8.198318481445312
46,42.45939,3.5406112670898438,3.5406112670898438
2,15.005675,-13.005675315856934,-13.005675315856934
112,118.78735,-6.787353515625,-6.787353515625
6,11.567794,-5.567793846130371,-5.567793846130371
65,88.31658,-23.31658172607422,-23.31658172607422
60,65.20477,-5.20477294921875,-5.20477294921875
20,17.899075,2.1009254455566406,2.1009254455566406
78,60.15984,17.840160369873047,17.840160369873047
31,27.820536,3.179464340209961,3.179464340209961
0,-1.35197,1.3519699573516846,1.3519699573516846
15,35.51463,-20.514629364013672,-20.514629364013672
13,9.365422,3.634577751159668,3.634577751159668
21,37.794544,-16.794544219970703,-16.794544219970703
37,20.319788,16.680212020874023,16.680212020874023
70,86.25424,-16.254241943359375,-16.254241943359375
184,169.75404,14.245956420898438,14.245956420898438
99,92.082085,6.917915344238281,6.917915344238281
78,83.91329,-5.913291931152344,-5.913291931152344
101,78.82067,22.17932891845703,22.17932891845703
48,27.822641,20.177358627319336,20.177358627319336
23,18.950954,4.049045562744141,4.049045562744141
91,83.02686,7.973136901855469,7.973136901855469
91,71.866165,19.133834838867188,19.133834838867188
2,8.068031,-6.068031311035156,-6.068031311035156
82,68.26395,13.736053466796875,13.736053466796875
69,63.399624,5.600376129150391,5.600376129150391
5,20.79777,-15.797769546508789,-15.797769546508789
98,111.66439,-13.664390563964844,-13.664390563964844
46,66.88486,-20.884857177734375,-20.884857177734375
113,113.148964,-0.14896392822265625,-0.14896392822265625
37,46.84892,-9.848918914794922,-9.848918914794922
168,174.388,-6.38800048828125,-6.38800048828125
48,52.308025,-4.308025360107422,-4.308025360107422
66,68.747246,-2.7472457885742188,-2.7472457885742188
71,94.814735,-23.814735412597656,-23.814735412597656
95,103.742165,-8.742164611816406,-8.742164611816406
119,113.47288,5.527122497558594,5.527122497558594
10,24.081331,-14.081331253051758,-14.081331253051758
40,47.21053,-7.210529327392578,-7.210529327392578
185,187.44289,-2.4428863525390625,-2.4428863525390625
26,22.449043,3.5509567260742188,3.5509567260742188
29,22.3417,6.658300399780273,6.658300399780273
111,100.763535,10.236465454101562,10.236465454101562
10,29.146221,-19.146221160888672,-19.146221160888672
124,118.12042,5.87957763671875,5.87957763671875
27,39.684254,-12.684253692626953,-12.684253692626953
66,57.312943,8.687057495117188,8.687057495117188
18,33.23522,-15.235221862792969,-15.235221862792969
45,47.1819,-2.1819000244140625,-2.1819000244140625
107,87.68989,19.31011199951172,19.31011199951172
67,76.45204,-9.452041625976562,-9.452041625976562
55,58.44204,-3.4420394897460938,-3.4420394897460938
73,79.7202,-6.7201995849609375,-6.7201995849609375
47,37.549007,9.450992584228516,9.450992584228516
55,41.776955,13.223045349121094,13.223045349121094
96,84.87398,11.126022338867188,11.126022338867188
193,180.92133,12.07867431640625,12.07867431640625
47,53.083828,-6.083827972412109,-6.083827972412109
65,60.456886,4.543113708496094,4.543113708496094
46,44.84338,1.1566200256347656,1.1566200256347656
120,118.96552,1.0344772338867188,1.0344772338867188
67,59.587708,7.41229248046875,7.41229248046875
139,137.4919,1.5081024169921875,1.5081024169921875
41,32.220383,8.779617309570312,8.779617309570312
72,84.382545,-12.382545471191406,-12.382545471191406
142,116.78,25.220001220703125,25.220001220703125
72,58.25675,13.74325180053711,13.74325180053711
56,59.397743,-3.3977432250976562,-3.3977432250976562
99,97.19484,1.8051605224609375,1.8051605224609375
204,202.35884,1.6411590576171875,1.6411590576171875
99,80.987526,18.012474060058594,18.012474060058594
74,91.95954,-17.95954132080078,-17.95954132080078
114,101.023735,12.976264953613281,12.976264953613281
69,78.356514,-9.356513977050781,-9.356513977050781
115,113.14222,1.8577804565429688,1.8577804565429688
182,183.37047,-1.3704681396484375,-1.3704681396484375
24,20.978922,3.021078109741211,3.021078109741211
123,106.38329,16.61670684814453,16.61670684814453
29,30.608223,-1.6082229614257812,-1.6082229614257812
154,139.11026,14.889739990234375,14.889739990234375
22,10.117827,11.882172584533691,11.882172584533691
26,33.96655,-7.966548919677734,-7.966548919677734
47,38.07195,8.928050994873047,8.928050994873047
38,60.945858,-22.945858001708984,-22.945858001708984
94,110.93106,-16.931060791015625,-16.931060791015625
155,158.8633,-3.8632965087890625,-3.8632965087890625
27,25.559038,1.4409618377685547,1.4409618377685547
59,67.57152,-8.571517944335938,-8.571517944335938
33,16.781923,16.218076705932617,16.218076705932617
74,71.19843,2.8015670776367188,2.8015670776367188
194,191.06989,2.93011474609375,2.93011474609375
20,27.488226,-7.488225936889648,-7.488225936889648
55,42.12447,12.875530242919922,12.875530242919922
139,134.75587,4.2441253662109375,4.2441253662109375
26,16.364595,9.635404586791992,9.635404586791992
46,46.44133,-0.4413299560546875,-0.4413299560546875
100,99.20157,0.798431396484375,0.798431396484375
6,10.244843,-4.244842529296875,-4.244842529296875
123,133.92892,-10.928924560546875,-10.928924560546875
41,49.335693,-8.335693359375,-8.335693359375
81,73.8534,7.146598815917969,7.146598815917969
0,12.358685,-12.358684539794922,-12.358684539794922
9,10.27116,-1.2711601257324219,-1.2711601257324219
76,75.70754,0.29245758056640625,0.29245758056640625
47,47.372227,-0.3722267150878906,-0.3722267150878906
67,55.983116,11.016883850097656,11.016883850097656
150,130.14662,19.853378295898438,19.853378295898438
6,8.451684,-2.45168399810791,-2.45168399810791
49,53.855606,-4.8556060791015625,-4.8556060791015625
144,136.53398,7.4660186767578125,7.4660186767578125
100,97.14543,2.8545684814453125,2.8545684814453125
67,57.008865,9.991134643554688,9.991134643554688
75,76.533356,-1.533355712890625,-1.533355712890625
55,54.248055,0.7519454956054688,0.7519454956054688
55,63.167652,-8.167652130126953,-8.167652130126953
12,41.450077,-29.450077056884766,-29.450077056884766
100,95.5802,4.4197998046875,4.4197998046875
99,93.01137,5.9886322021484375,5.9886322021484375
4,14.44036,-10.440360069274902,-10.440360069274902
42,50.06404,-8.064041137695312,-8.064041137695312
92,99.0649,-7.064903259277344,-7.064903259277344
74,64.94325,9.056747436523438,9.056747436523438
21,21.57846,-0.578460693359375,-0.578460693359375
43,16.409777,26.59022331237793,26.59022331237793
72,57.91223,14.0877685546875,14.0877685546875
54,53.81645,0.18355178833007812,0.18355178833007812
20,15.559704,4.440296173095703,4.440296173095703
41,51.47493,-10.474929809570312,-10.474929809570312
121,118.5208,2.4792022705078125,2.4792022705078125
50,36.974545,13.025455474853516,13.025455474853516
150,145.98946,4.0105438232421875,4.0105438232421875
133,139.38106,-6.3810577392578125,-6.3810577392578125
125,114.08851,10.911491394042969,10.911491394042969
113,107.60822,5.391777038574219,5.391777038574219
59,62.09419,-3.094188690185547,-3.094188690185547
45,63.68541,-18.685409545898438,-18.685409545898438
69,73.25465,-4.254646301269531,-4.254646301269531
51,52.662167,-1.6621665954589844,-1.6621665954589844
85,75.27334,9.726661682128906,9.726661682128906
99,77.74441,21.255592346191406,21.255592346191406
156,148.24055,7.7594451904296875,7.7594451904296875
168,167.895,0.1049957275390625,0.1049957275390625
31,39.536354,-8.536354064941406,-8.536354064941406
53,40.744873,12.255126953125,12.255126953125
68,62.75406,5.245941162109375,5.245941162109375
18,21.235212,-3.2352123260498047,-3.2352123260498047
91,86.64142,4.35858154296875,4.35858154296875
23,26.649,-3.6490001678466797,-3.6490001678466797
37,37.668583,-0.6685829162597656,-0.6685829162597656
86,89.60968,-3.60968017578125,-3.60968017578125
166,170.82205,-4.822052001953125,-4.822052001953125
178,160.39412,17.605880737304688,17.605880737304688
62,62.72948,-0.7294807434082031,-0.7294807434082031
196,188.15504,7.8449554443359375,7.8449554443359375
49,40.978054,8.02194595336914,8.02194595336914
88,85.0549,2.945098876953125,2.945098876953125
20,23.688313,-3.688312530517578,-3.688312530517578
114,107.92774,6.072257995605469,6.072257995605469
204,208.59932,-4.5993194580078125,-4.5993194580078125
158,180.29277,-22.292770385742188,-22.292770385742188
70,83.68727,-13.687271118164062,-13.687271118164062
16,11.555422,4.444578170776367,4.444578170776367
138,143.37485,-5.374847412109375,-5.374847412109375
166,176.76292,-10.762924194335938,-10.762924194335938
28,30.25736,-2.2573604583740234,-2.2573604583740234
94,88.767494,5.232505798339844,5.232505798339844
39,55.307655,-16.307655334472656,-16.307655334472656
10,14.911029,-4.911028861999512,-4.911028861999512
57,55.62743,1.3725700378417969,1.3725700378417969
40,55.67563,-15.675628662109375,-15.675628662109375
40,37.50616,2.4938392639160156,2.4938392639160156
66,66.53163,-0.5316314697265625,-0.5316314697265625
13,17.463228,-4.463228225708008,-4.463228225708008
129,127.82841,1.1715927124023438,1.1715927124023438
124,111.72827,12.271728515625,12.271728515625
86,71.68333,14.316673278808594,14.316673278808594
45,32.470882,12.529117584228516,12.529117584228516
164,149.49834,14.501663208007812,14.501663208007812
161,158.28993,2.7100677490234375,2.7100677490234375
157,166.06985,-9.069854736328125,-9.069854736328125
88,95.949776,-7.949775695800781,-7.949775695800781
4,17.870413,-13.870412826538086,-13.870412826538086
61,85.077,-24.077003479003906,-24.077003479003906
69,71.8217,-2.8217010498046875,-2.8217010498046875
30,37.552967,-7.552967071533203,-7.552967071533203
208,204.92982,3.0701751708984375,3.0701751708984375
62,52.212982,9.787017822265625,9.787017822265625
48,45.384605,2.6153945922851562,2.6153945922851562
0,1.6381679,-1.6381678581237793,-1.6381678581237793
22,25.00496,-3.0049591064453125,-3.0049591064453125
7,18.33725,-11.337249755859375,-11.337249755859375
205,201.06981,3.9301910400390625,3.9301910400390625
42,38.42259,3.577411651611328,3.577411651611328
28,38.092632,-10.092632293701172,-10.092632293701172
34,31.887749,2.1122512817382812,2.1122512817382812
123,121.461914,1.5380859375,1.5380859375
85,67.27426,17.725738525390625,17.725738525390625
30,28.66474,1.3352603912353516,1.3352603912353516
50,61.160206,-11.160205841064453,-11.160205841064453
101,107.86725,-6.86724853515625,-6.86724853515625
8,13.904353,-5.904353141784668,-5.904353141784668
49,52.605667,-3.6056671142578125,-3.6056671142578125
133,113.47319,19.526809692382812,19.526809692382812
55,56.251354,-1.2513542175292969,-1.2513542175292969
17,26.538118,-9.538118362426758,-9.538118362426758
15,24.082201,-9.08220100402832,-9.08220100402832
130,145.73822,-15.73822021484375,-15.73822021484375
35,35.86881,-0.8688087463378906,-0.8688087463378906
38,34.486652,3.513347625732422,3.513347625732422
4,18.020645,-14.020645141601562,-14.020645141601562
32,35.282856,-3.282855987548828,-3.282855987548828
23,24.122715,-1.1227149963378906,-1.1227149963378906
49,35.95032,13.049678802490234,13.049678802490234
13,23.55841,-10.55841064453125,-10.55841064453125
171,162.50258,8.497421264648438,8.497421264648438
51,48.587486,2.4125137329101562,2.4125137329101562
137,144.872,-7.8719940185546875,-7.8719940185546875
17,28.53314,-11.533140182495117,-11.533140182495117
98,92.74826,5.251739501953125,5.251739501953125
90,96.030334,-6.03033447265625,-6.03033447265625
83,76.99568,6.0043182373046875,6.0043182373046875
60,67.661865,-7.661865234375,-7.661865234375
46,55.30297,-9.302970886230469,-9.302970886230469
41,51.533913,-10.533912658691406,-10.533912658691406
62,34.4602,27.539798736572266,27.539798736572266
103,91.355095,11.644905090332031,11.644905090332031
91,62.671917,28.328083038330078,28.328083038330078
35,44.626427,-9.626426696777344,-9.626426696777344
209,205.76845,3.2315521240234375,3.2315521240234375
100,81.99751,18.002487182617188,18.002487182617188
42,44.16774,-2.1677398681640625,-2.1677398681640625
11,14.662955,-3.6629552841186523,-3.6629552841186523
41,65.15198,-24.1519775390625,-24.1519775390625
27,24.584055,2.415945053100586,2.415945053100586
26,41.792637,-15.79263687133789,-15.79263687133789
12,10.6556225,1.3443775177001953,1.3443775177001953
45,62.176464,-17.176464080810547,-17.176464080810547
85,85.31392,-0.3139190673828125,-0.3139190673828125
50,43.616604,6.383396148681641,6.383396148681641
92,79.41115,12.588851928710938,12.588851928710938
84,81.948326,2.0516738891601562,2.0516738891601562
47,39.36531,7.6346893310546875,7.6346893310546875
83,78.253975,4.746025085449219,4.746025085449219
45,58.807095,-13.80709457397461,-13.80709457397461
39,50.673775,-11.673774719238281,-11.673774719238281
188,188.24825,-0.2482452392578125,-0.2482452392578125
58,49.790714,8.209285736083984,8.209285736083984
29,25.103605,3.896394729614258,3.896394729614258
116,95.01642,20.98358154296875,20.98358154296875
88,91.7118,-3.7117996215820312,-3.7117996215820312
193,179.25645,13.743545532226562,13.743545532226562
47,49.64534,-2.6453399658203125,-2.6453399658203125
52,39.760498,12.239501953125,12.239501953125
109,120.77495,-11.774948120117188,-11.774948120117188
182,189.70341,-7.7034149169921875,-7.7034149169921875
191,204.04976,-13.049758911132812,-13.049758911132812
145,157.69684,-12.69683837890625,-12.69683837890625
134,142.05199,-8.051986694335938,-8.051986694335938
116,132.85208,-16.852081298828125,-16.852081298828125
41,28.559444,12.440555572509766,12.440555572509766
19,36.349136,-17.349136352539062,-17.349136352539062
61,75.59922,-14.599220275878906,-14.599220275878906
50,58.57916,-8.579158782958984,-8.579158782958984
11,5.476354,5.523645877838135,5.523645877838135
45,32.555393,12.44460678100586,12.44460678100586
22,28.938295,-6.938295364379883,-6.938295364379883
211,196.7564,14.243606567382812,14.243606567382812
57,65.332344,-8.332344055175781,-8.332344055175781
0,9.806252,-9.806251525878906,-9.806251525878906
183,177.25185,5.7481536865234375,5.7481536865234375
62,55.70682,6.293178558349609,6.293178558349609
93,106.31546,-13.315460205078125,-13.315460205078125
131,115.5417,15.458297729492188,15.458297729492188
76,64.172066,11.827934265136719,11.827934265136719
119,122.1263,-3.1262969970703125,-3.1262969970703125
107,100.55708,6.4429168701171875,6.4429168701171875
48,43.217617,4.782382965087891,4.782382965087891
190,176.17004,13.8299560546875,13.8299560546875
43,45.176697,-2.17669677734375,-2.17669677734375
27,16.906504,10.093496322631836,10.093496322631836
44,43.45583,0.5441703796386719,0.5441703796386719
69,68.11143,0.8885726928710938,0.8885726928710938
75,82.706,-7.706001281738281,-7.706001281738281
22,18.504128,3.4958724975585938,3.4958724975585938
67,63.266075,3.7339248657226562,3.7339248657226562
0,13.4594555,-13.459455490112305,-13.459455490112305
75,81.51139,-6.511390686035156,-6.511390686035156
58,66.25285,-8.252853393554688,-8.252853393554688
73,70.90772,2.0922775268554688,2.0922775268554688
0,2.759092,-2.759092092514038,-2.759092092514038
31,37.698208,-6.698207855224609,-6.698207855224609
80,86.115974,-6.115974426269531,-6.115974426269531
56,58.68866,-2.68865966796875,-2.68865966796875
138,139.65718,-1.6571807861328125,-1.6571807861328125
82,67.01884,14.981163024902344,14.981163024902344
74,60.18498,13.815021514892578,13.815021514892578
176,186.5304,-10.5303955078125,-10.5303955078125
200,199.20479,0.7952117919921875,0.7952117919921875
35,48.681488,-13.681488037109375,-13.681488037109375
73,58.617874,14.382125854492188,14.382125854492188
75,76.03011,-1.0301132202148438,-1.0301132202148438
49,47.3636,1.6363983154296875,1.6363983154296875
56,58.847767,-2.847766876220703,-2.847766876220703
90,90.575035,-0.5750350952148438,-0.5750350952148438
89,87.70536,1.2946395874023438,1.2946395874023438
33,33.463696,-0.4636955261230469,-0.4636955261230469
34,23.126043,10.873956680297852,10.873956680297852
84,73.78715,10.212852478027344,10.212852478027344
55,30.486814,24.513185501098633,24.513185501098633
61,55.6648,5.335201263427734,5.335201263427734
112,126.47832,-14.478317260742188,-14.478317260742188
82,70.43232,11.567680358886719,11.567680358886719
37,18.507977,18.492023468017578,18.492023468017578
0,8.3075905,-8.30759048461914,-8.30759048461914
73,61.419075,11.580924987792969,11.580924987792969
51,54.997627,-3.9976272583007812,-3.9976272583007812
69,65.57181,3.428192138671875,3.428192138671875
4,19.610773,-15.610773086547852,-15.610773086547852
131,124.06825,6.9317474365234375,6.9317474365234375
76,90.14399,-14.143989562988281,-14.143989562988281
40,31.727144,8.272855758666992,8.272855758666992
52,53.67324,-1.6732406616210938,-1.6732406616210938
59,68.50404,-9.504043579101562,-9.504043579101562
68,56.146297,11.853702545166016,11.853702545166016
56,64.234955,-8.234954833984375,-8.234954833984375
139,136.76189,2.2381134033203125,2.2381134033203125
75,74.341095,0.658905029296875,0.658905029296875
127,127.143906,-0.1439056396484375,-0.1439056396484375
2,5.9439883,-3.94398832321167,-3.94398832321167
131,117.87554,13.124458312988281,13.124458312988281
72,90.1977,-18.19770050048828,-18.19770050048828
144,144.53894,-0.5389404296875,-0.5389404296875
49,32.640682,16.359317779541016,16.359317779541016
39,60.679054,-21.679054260253906,-21.679054260253906
196,190.36339,5.6366119384765625,5.6366119384765625
112,112.21715,-0.2171478271484375,-0.2171478271484375
6,2.3705893,3.629410743713379,3.629410743713379
108,114.057335,-6.057334899902344,-6.057334899902344
35,32.92774,2.0722618103027344,2.0722618103027344
65,70.773254,-5.77325439453125,-5.77325439453125
48,41.414417,6.585582733154297,6.585582733154297
86,70.809875,15.19012451171875,15.19012451171875
179,181.91899,-2.9189910888671875,-2.9189910888671875
82,97.839386,-15.839385986328125,-15.839385986328125
141,133.65489,7.3451080322265625,7.3451080322265625
0,-0.47132236,0.47132235765457153,0.47132235765457153
74,81.74263,-7.7426300048828125,-7.7426300048828125
123,115.91926,7.080741882324219,7.080741882324219
101,93.02653,7.973472595214844,7.973472595214844
145,146.44055,-1.4405517578125,-1.4405517578125
23,15.714125,7.28587532043457,7.28587532043457
61,57.08112,3.9188804626464844,3.9188804626464844
161,160.8398,0.1602020263671875,0.1602020263671875
44,25.764975,18.23502540588379,18.23502540588379
165,181.34875,-16.3487548828125,-16.3487548828125
9,26.551346,-17.551345825195312,-17.551345825195312
40,58.973755,-18.9737548828125,-18.9737548828125
53,57.154934,-4.154933929443359,-4.154933929443359
170,172.91237,-2.9123687744140625,-2.9123687744140625
30,37.542294,-7.542293548583984,-7.542293548583984
9,38.383343,-29.383342742919922,-29.383342742919922
31,41.515255,-10.515254974365234,-10.515254974365234
205,186.80035,18.19964599609375,18.19964599609375
62,46.045143,15.954856872558594,15.954856872558594
61,67.16847,-6.1684722900390625,-6.1684722900390625
62,88.839355,-26.83935546875,-26.83935546875
152,142.25813,9.741867065429688,9.741867065429688
84,86.01462,-2.014617919921875,-2.014617919921875
51,76.003784,-25.0037841796875,-25.0037841796875
187,174.10733,12.892669677734375,12.892669677734375
183,190.43796,-7.437957763671875,-7.437957763671875
80,88.6495,-8.649497985839844,-8.649497985839844
142,141.5262,0.4738006591796875,0.4738006591796875
13,19.777382,-6.777381896972656,-6.777381896972656
137,141.36183,-4.3618316650390625,-4.3618316650390625
30,19.3669,10.633100509643555,10.633100509643555
13,16.328983,-3.3289833068847656,-3.3289833068847656
53,74.98879,-21.988792419433594,-21.988792419433594
81,80.44122,0.55877685546875,0.55877685546875
11,10.62002,0.37998008728027344,0.37998008728027344
63,60.601673,2.398326873779297,2.398326873779297
118,117.2026,0.7974014282226562,0.7974014282226562
83,68.0063,14.993698120117188,14.993698120117188
22,23.940521,-1.940521240234375,-1.940521240234375
152,164.18207,-12.18206787109375,-12.18206787109375
66,81.83503,-15.835029602050781,-15.835029602050781
135,111.08094,23.91905975341797,23.91905975341797
63,51.974937,11.025062561035156,11.025062561035156
174,167.16039,6.8396148681640625,6.8396148681640625
77,88.48955,-11.489547729492188,-11.489547729492188
52,36.889957,15.110042572021484,15.110042572021484
33,40.83978,-7.839778900146484,-7.839778900146484
48,52.10655,-4.106548309326172,-4.106548309326172
169,174.17772,-5.1777191162109375,-5.1777191162109375
2,26.865255,-24.86525535583496,-24.86525535583496
42,36.85545,5.144550323486328,5.144550323486328
103,77.09629,25.903709411621094,25.903709411621094
29,38.660484,-9.660484313964844,-9.660484313964844
135,135.07716,-0.0771636962890625,-0.0771636962890625
182,194.07236,-12.072357177734375,-12.072357177734375
31,37.89166,-6.891658782958984,-6.891658782958984
54,60.430935,-6.430934906005859,-6.430934906005859
44,41.10261,2.897388458251953,2.897388458251953
53,74.4228,-21.42279815673828,-21.42279815673828
44,55.30149,-11.301490783691406,-11.301490783691406
102,95.92169,6.07830810546875,6.07830810546875
62,37.57716,24.422840118408203,24.422840118408203
43,66.021614,-23.02161407470703,-23.02161407470703
124,105.850876,18.149124145507812,18.149124145507812
40,48.150665,-8.150665283203125,-8.150665283203125
210,207.36987,2.630126953125,2.630126953125
55,56.653233,-1.6532325744628906,-1.6532325744628906
61,57.68632,3.313678741455078,3.313678741455078
5,21.698671,-16.698671340942383,-16.698671340942383
118,109.4203,8.579696655273438,8.579696655273438
29,30.380608,-1.3806076049804688,-1.3806076049804688
44,62.246227,-18.246227264404297,-18.246227264404297
168,168.9429,-0.942901611328125,-0.942901611328125
63,62.054516,0.9454841613769531,0.9454841613769531
143,148.45712,-5.457122802734375,-5.457122802734375
67,51.86987,15.130130767822266,15.130130767822266
71,57.07505,13.924949645996094,13.924949645996094
34,20.993011,13.006988525390625,13.006988525390625
175,160.2962,14.70379638671875,14.70379638671875
24,23.411137,0.5888633728027344,0.5888633728027344
107,127.29835,-20.29834747314453,-20.29834747314453
28,23.526768,4.473232269287109,4.473232269287109
30,41.532204,-11.532203674316406,-11.532203674316406
66,63.140198,2.85980224609375,2.85980224609375
79,73.319954,5.680046081542969,5.680046081542969
179,182.34634,-3.346343994140625,-3.346343994140625
47,56.62889,-9.628890991210938,-9.628890991210938
73,83.41518,-10.415176391601562,-10.415176391601562
134,139.15271,-5.1527099609375,-5.1527099609375
56,61.691605,-5.6916046142578125,-5.6916046142578125
173,152.36232,20.637680053710938,20.637680053710938
67,57.088276,9.911724090576172,9.911724090576172
205,195.03845,9.9615478515625,9.9615478515625
110,110.643616,-0.64361572265625,-0.64361572265625
17,10.599171,6.400829315185547,6.400829315185547
18,8.572774,9.427226066589355,9.427226066589355
100,106.60572,-6.605720520019531,-6.605720520019531
54,53.778286,0.22171401977539062,0.22171401977539062
160,135.0391,24.960906982421875,24.960906982421875
58,79.13915,-21.13915252685547,-21.13915252685547
18,8.998117,9.001882553100586,9.001882553100586
59,59.14082,-0.14081954956054688,-0.14081954956054688
181,186.53964,-5.539642333984375,-5.539642333984375
73,74.47464,-1.474639892578125,-1.474639892578125
54,51.198166,2.8018341064453125,2.8018341064453125
11,30.29427,-19.294269561767578,-19.294269561767578
29,17.77134,11.228660583496094,11.228660583496094
24,30.423265,-6.42326545715332,-6.42326545715332
0,12.432024,-12.432024002075195,-12.432024002075195
113,125.64564,-12.645637512207031,-12.645637512207031
0,15.090335,-15.09033489227295,-15.09033489227295
127,144.65724,-17.657241821289062,-17.657241821289062
21,25.513222,-4.513221740722656,-4.513221740722656
116,119.66687,-3.6668701171875,-3.6668701171875
32,39.126663,-7.1266632080078125,-7.1266632080078125
0,6.6567726,-6.656772613525391,-6.656772613525391
57,44.99975,12.000251770019531,12.000251770019531
54,55.60222,-1.6022186279296875,-1.6022186279296875
67,77.213615,-10.213615417480469,-10.213615417480469
125,122.5153,2.4847030639648438,2.4847030639648438
33,23.7324,9.267599105834961,9.267599105834961
46,41.307545,4.692455291748047,4.692455291748047
63,70.33476,-7.3347625732421875,-7.3347625732421875
54,39.329964,14.670036315917969,14.670036315917969
59,56.931793,2.068206787109375,2.068206787109375
19,20.021973,-1.02197265625,-1.02197265625
154,168.19263,-14.192626953125,-14.192626953125
46,39.229317,6.770683288574219,6.770683288574219
132,136.91551,-4.9155120849609375,-4.9155120849609375
86,75.215775,10.784225463867188,10.784225463867188
182,158.03929,23.960708618164062,23.960708618164062
17,9.216737,7.783263206481934,7.783263206481934
109,116.695076,-7.695075988769531,-7.695075988769531
154,157.9879,-3.9878997802734375,-3.9878997802734375
193,194.1413,-1.14129638671875,-1.14129638671875
87,89.0294,-2.0294036865234375,-2.0294036865234375
32,12.794216,19.20578384399414,19.20578384399414
46,69.54345,-23.54344940185547,-23.54344940185547
11,27.54336,-16.543359756469727,-16.543359756469727
49,40.69748,8.302520751953125,8.302520751953125
4,12.41339,-8.413390159606934,-8.413390159606934
170,164.002,5.9980010986328125,5.9980010986328125
83,74.35795,8.642051696777344,8.642051696777344
6,34.430157,-28.430156707763672,-28.430156707763672
49,49.726357,-0.7263565063476562,-0.7263565063476562
23,14.9898615,8.010138511657715,8.010138511657715
118,121.73837,-3.738372802734375,-3.738372802734375
84,80.14912,3.8508834838867188,3.8508834838867188
77,68.277466,8.7225341796875,8.7225341796875
62,70.17505,-8.175048828125,-8.175048828125
192,161.71567,30.284332275390625,30.284332275390625
64,55.322887,8.677112579345703,8.677112579345703
62,39.09234,22.90766143798828,22.90766143798828
46,50.78997,-4.789970397949219,-4.789970397949219
80,64.7515,15.248497009277344,15.248497009277344
167,160.70956,6.290435791015625,6.290435791015625
189,183.72977,5.270233154296875,5.270233154296875
82,77.14674,4.8532562255859375,4.8532562255859375
0,18.789196,-18.789196014404297,-18.789196014404297
22,17.275354,4.724645614624023,4.724645614624023
80,69.0748,10.925201416015625,10.925201416015625
140,147.88304,-7.8830413818359375,-7.8830413818359375
17,8.927589,8.072410583496094,8.072410583496094
24,27.064163,-3.0641632080078125,-3.0641632080078125
187,187.75307,-0.7530670166015625,-0.7530670166015625
197,201.96367,-4.9636688232421875,-4.9636688232421875
59,68.36006,-9.360061645507812,-9.360061645507812
24,14.958909,9.041090965270996,9.041090965270996
18,21.704426,-3.704425811767578,-3.704425811767578
212,193.54175,18.458251953125,18.458251953125
69,59.75528,9.244720458984375,9.244720458984375
139,154.4511,-15.451095581054688,-15.451095581054688
102,100.92468,1.0753173828125,1.0753173828125
74,80.46065,-6.4606475830078125,-6.4606475830078125
82,91.89107,-9.891067504882812,-9.891067504882812
30,38.829525,-8.829524993896484,-8.829524993896484
55,62.494884,-7.494884490966797,-7.494884490966797
0,-0.26421618,0.26421618461608887,0.26421618461608887
187,193.86777,-6.867767333984375,-6.867767333984375
21,27.95784,-6.9578399658203125,-6.9578399658203125
129,131.47841,-2.4784088134765625,-2.4784088134765625
38,46.336586,-8.336585998535156,-8.336585998535156
79,66.71332,12.28668212890625,12.28668212890625
43,49.106762,-6.106761932373047,-6.106761932373047
69,73.96744,-4.967437744140625,-4.967437744140625
5,17.397509,-12.39750862121582,-12.39750862121582
0,20.755348,-20.755348205566406,-20.755348205566406
66,75.406006,-9.406005859375,-9.406005859375
6,19.60615,-13.606149673461914,-13.606149673461914
8,10.385478,-2.3854780197143555,-2.3854780197143555
49,51.675728,-2.6757278442382812,-2.6757278442382812
30,50.60266,-20.6026611328125,-20.6026611328125
87,75.13267,11.867332458496094,11.867332458496094
211,206.39407,4.605926513671875,4.605926513671875
30,31.800957,-1.8009567260742188,-1.8009567260742188
138,125.72211,12.27789306640625,12.27789306640625
0,5.7390885,-5.739088535308838,-5.739088535308838
123,112.7592,10.240798950195312,10.240798950195312
36,48.10201,-12.102008819580078,-12.102008819580078
42,45.37751,-3.3775100708007812,-3.3775100708007812
21,13.687156,7.312844276428223,7.312844276428223
52,61.833633,-9.833633422851562,-9.833633422851562
63,59.22819,3.771808624267578,3.771808624267578
0,17.101068,-17.1010684967041,-17.1010684967041
46,52.108368,-6.108367919921875,-6.108367919921875
0,8.415458,-8.415457725524902,-8.415457725524902
61,60.069706,0.9302940368652344,0.9302940368652344
20,25.6391,-5.63909912109375,-5.63909912109375
172,172.34471,-0.3447113037109375,-0.3447113037109375
50,40.65585,9.34415054321289,9.34415054321289
30,28.36201,1.637990951538086,1.637990951538086
48,50.275764,-2.2757644653320312,-2.2757644653320312
46,54.17877,-8.178768157958984,-8.178768157958984
31,27.256268,3.743732452392578,3.743732452392578
5,18.018892,-13.018892288208008,-13.018892288208008
120,133.74498,-13.744979858398438,-13.744979858398438
56,57.967785,-1.9677848815917969,-1.9677848815917969
185,186.12247,-1.122467041015625,-1.122467041015625
194,197.96349,-3.9634857177734375,-3.9634857177734375
118,144.56169,-26.561691284179688,-26.561691284179688
48,58.99749,-10.997489929199219,-10.997489929199219
72,58.16808,13.831920623779297,13.831920623779297
65,44.647625,20.352375030517578,20.352375030517578
0,2.2380157,-2.238015651702881,-2.238015651702881
185,162.99263,22.007369995117188,22.007369995117188
14,25.838531,-11.838531494140625,-11.838531494140625
90,82.29125,7.708747863769531,7.708747863769531
187,176.92465,10.075347900390625,10.075347900390625
82,94.06418,-12.064178466796875,-12.064178466796875
6,10.371259,-4.371258735656738,-4.371258735656738
60,57.38684,2.6131591796875,2.6131591796875
85,89.50881,-4.508811950683594,-4.508811950683594
19,24.63911,-5.639110565185547,-5.639110565185547
0,4.842886,-4.842885971069336,-4.842885971069336
61,48.548416,12.451583862304688,12.451583862304688
28,55.8225,-27.822498321533203,-27.822498321533203
47,44.66352,2.3364791870117188,2.3364791870117188
43,39.79589,3.2041091918945312,3.2041091918945312
57,47.242126,9.75787353515625,9.75787353515625
61,57.93836,3.0616416931152344,3.0616416931152344
198,200.97525,-2.975250244140625,-2.975250244140625
119,90.9955,28.004501342773438,28.004501342773438
20,25.02185,-5.0218505859375,-5.0218505859375
18,30.413712,-12.413711547851562,-12.413711547851562
64,60.015785,3.9842147827148438,3.9842147827148438
29,37.35791,-8.35791015625,-8.35791015625
53,51.153694,1.8463058471679688,1.8463058471679688
202,205.29921,-3.2992095947265625,-3.2992095947265625
23,7.69238,15.30762004852295,15.30762004852295
198,193.65605,4.3439483642578125,4.3439483642578125
74,73.92331,0.076690673828125,0.076690673828125
62,54.70821,7.291790008544922,7.291790008544922
185,179.57674,5.4232635498046875,5.4232635498046875
183,177.79042,5.2095794677734375,5.2095794677734375
172,187.95482,-15.954818725585938,-15.954818725585938
58,51.640713,6.359287261962891,6.359287261962891
52,46.278473,5.721527099609375,5.721527099609375
58,60.086796,-2.0867958068847656,-2.0867958068847656
117,112.02668,4.973320007324219,4.973320007324219
103,96.54126,6.458740234375,6.458740234375
208,178.51547,29.484527587890625,29.484527587890625
157,173.68994,-16.68994140625,-16.68994140625
177,181.96191,-4.9619140625,-4.9619140625
74,60.978863,13.021137237548828,13.021137237548828
58,49.334084,8.665916442871094,8.665916442871094
41,32.20499,8.79500961303711,8.79500961303711
9,13.597534,-4.5975341796875,-4.5975341796875
29,36.507065,-7.5070648193359375,-7.5070648193359375
64,71.38722,-7.3872222900390625,-7.3872222900390625
62,61.05736,0.9426383972167969,0.9426383972167969
69,73.147446,-4.1474456787109375,-4.1474456787109375
20,19.571465,0.42853546142578125,0.42853546142578125
71,72.72511,-1.7251129150390625,-1.7251129150390625
73,61.45934,11.540660858154297,11.540660858154297
41,40.5394,0.460601806640625,0.460601806640625
50,60.395744,-10.395744323730469,-10.395744323730469
20,36.410793,-16.41079330444336,-16.41079330444336
134,128.04802,5.9519805908203125,5.9519805908203125
67,65.21392,1.7860794067382812,1.7860794067382812
112,112.08926,-0.08925628662109375,-0.08925628662109375
191,189.32404,1.67596435546875,1.67596435546875
40,64.36079,-24.36078643798828,-24.36078643798828
171,166.70563,4.29437255859375,4.29437255859375
44,54.085735,-10.085735321044922,-10.085735321044922
24,32.707584,-8.707584381103516,-8.707584381103516
44,65.34776,-21.347763061523438,-21.347763061523438
53,42.272564,10.727436065673828,10.727436065673828
112,117.203026,-5.203025817871094,-5.203025817871094
53,54.854076,-1.8540763854980469,-1.8540763854980469
63,53.47937,9.5206298828125,9.5206298828125
119,108.73696,10.263038635253906,10.263038635253906
25,10.802434,14.197566032409668,14.197566032409668
73,78.62581,-5.6258087158203125,-5.6258087158203125
46,50.509426,-4.509426116943359,-4.509426116943359
21,24.520681,-3.520681381225586,-3.520681381225586
8,20.29893,-12.298929214477539,-12.298929214477539
49,42.415497,6.584503173828125,6.584503173828125
58,61.850616,-3.850616455078125,-3.850616455078125
133,124.74169,8.258308410644531,8.258308410644531
92,99.23549,-7.2354888916015625,-7.2354888916015625
134,134.91731,-0.9173126220703125,-0.9173126220703125
40,39.90909,0.090911865234375,0.090911865234375
189,171.60481,17.395187377929688,17.395187377929688
8,33.52684,-25.526840209960938,-25.526840209960938
26,4.1134815,21.886518478393555,21.886518478393555
66,56.606155,9.393844604492188,9.393844604492188
20,12.497223,7.502777099609375,7.502777099609375
153,154.4684,-1.4683990478515625,-1.4683990478515625
83,79.6071,3.3928985595703125,3.3928985595703125
23,13.596799,9.40320110321045,9.40320110321045
21,48.35381,-27.353809356689453,-27.353809356689453
209,210.08676,-1.086761474609375,-1.086761474609375
37,38.340385,-1.3403854370117188,-1.3403854370117188
200,197.34352,2.6564788818359375,2.6564788818359375
17,10.0807495,6.91925048828125,6.91925048828125
93,84.57625,8.423751831054688,8.423751831054688
168,170.70221,-2.70220947265625,-2.70220947265625
39,38.63795,0.3620491027832031,0.3620491027832031
83,89.64097,-6.640968322753906,-6.640968322753906
36,40.8545,-4.854499816894531,-4.854499816894531
57,72.226746,-15.22674560546875,-15.22674560546875
123,117.878426,5.121574401855469,5.121574401855469
21,24.835144,-3.83514404296875,-3.83514404296875
34,34.180214,-0.18021392822265625,-0.18021392822265625
38,52.960102,-14.960102081298828,-14.960102081298828
116,132.6155,-16.615493774414062,-16.615493774414062
66,66.31235,-0.312347412109375,-0.312347412109375
137,144.64453,-7.64453125,-7.64453125
47,58.20937,-11.209369659423828,-11.209369659423828
42,48.48551,-6.485511779785156,-6.485511779785156
21,23.128206,-2.128206253051758,-2.128206253051758
61,51.98261,9.017391204833984,9.017391204833984
26,31.863903,-5.863903045654297,-5.863903045654297
52,65.58012,-13.580116271972656,-13.580116271972656
80,71.66698,8.333023071289062,8.333023071289062
53,35.572845,17.427154541015625,17.427154541015625
44,55.724594,-11.724594116210938,-11.724594116210938
43,50.07956,-7.079559326171875,-7.079559326171875
212,203.63805,8.361953735351562,8.361953735351562
65,63.565502,1.4344978332519531,1.4344978332519531
183,172.59448,10.405517578125,10.405517578125
45,54.74938,-9.749378204345703,-9.749378204345703
31,44.29327,-13.293270111083984,-13.293270111083984
9,16.28327,-7.283269882202148,-7.283269882202148
0,6.851642,-6.85164213180542,-6.85164213180542
1,7.4057493,-6.405749320983887,-6.405749320983887
82,76.69019,5.309806823730469,5.309806823730469
54,49.61001,4.389991760253906,4.389991760253906
6,10.19166,-4.191659927368164,-4.191659927368164
16,27.870003,-11.870002746582031,-11.870002746582031
81,66.25017,14.749832153320312,14.749832153320312
50,46.46894,3.5310592651367188,3.5310592651367188
64,54.646347,9.353652954101562,9.353652954101562
99,108.338036,-9.338035583496094,-9.338035583496094
95,82.5593,12.440696716308594,12.440696716308594
20,15.664071,4.335928916931152,4.335928916931152
36,23.557997,12.44200325012207,12.44200325012207
115,110.73126,4.26873779296875,4.26873779296875
28,36.693203,-8.69320297241211,-8.69320297241211
54,52.344658,1.6553421020507812,1.6553421020507812
38,27.64412,10.355880737304688,10.355880737304688
119,126.02271,-7.022712707519531,-7.022712707519531
76,81.17899,-5.178993225097656,-5.178993225097656
8,18.141087,-10.14108657836914,-10.14108657836914
156,154.81546,1.184539794921875,1.184539794921875
15,25.412762,-10.412761688232422,-10.412761688232422
7,7.7012086,-0.7012085914611816,-0.7012085914611816
126,123.33951,2.660491943359375,2.660491943359375
20,12.438522,7.5614776611328125,7.5614776611328125
114,125.48591,-11.485908508300781,-11.485908508300781
0,13.150287,-13.150286674499512,-13.150286674499512
177,171.5929,5.4071044921875,5.4071044921875
13,37.902702,-24.90270233154297,-24.90270233154297
30,50.679405,-20.679405212402344,-20.679405212402344
11,25.893206,-14.893205642700195,-14.893205642700195
177,161.79462,15.20538330078125,15.20538330078125
48,39.280727,8.71927261352539,8.71927261352539
31,31.284494,-0.28449440002441406,-0.28449440002441406
32,26.713598,5.286401748657227,5.286401748657227
15,17.890465,-2.8904647827148438,-2.8904647827148438
35,55.836555,-20.83655548095703,-20.83655548095703
24,31.5734,-7.573400497436523,-7.573400497436523
35,44.0505,-9.050498962402344,-9.050498962402344
54,66.138535,-12.138534545898438,-12.138534545898438
49,40.647167,8.352832794189453,8.352832794189453
47,50.869312,-3.869312286376953,-3.869312286376953
78,89.93421,-11.934211730957031,-11.934211730957031
175,175.22522,-0.2252197265625,-0.2252197265625
8,21.267345,-13.267345428466797,-13.267345428466797
86,80.20738,5.7926177978515625,5.7926177978515625
37,42.147182,-5.147182464599609,-5.147182464599609
130,126.87474,3.1252593994140625,3.1252593994140625
37,38.722908,-1.7229080200195312,-1.7229080200195312
87,80.016556,6.9834442138671875,6.9834442138671875
100,102.57723,-2.5772323608398438,-2.5772323608398438
108,116.341415,-8.341415405273438,-8.341415405273438
89,72.64824,16.351760864257812,16.351760864257812
32,44.12483,-12.124828338623047,-12.124828338623047
109,109.89882,-0.8988189697265625,-0.8988189697265625
82,81.029305,0.9706954956054688,0.9706954956054688
112,102.892044,9.107955932617188,9.107955932617188
52,62.872086,-10.872085571289062,-10.872085571289062
72,67.78038,4.2196197509765625,4.2196197509765625
54,48.56908,5.430919647216797,5.430919647216797
0,18.394312,-18.394311904907227,-18.394311904907227
16,16.851418,-0.8514175415039062,-0.8514175415039062
53,17.850708,35.1492919921875,35.1492919921875
60,59.130577,0.8694229125976562,0.8694229125976562
159,155.30635,3.6936492919921875,3.6936492919921875
98,103.57516,-5.575157165527344,-5.575157165527344
34,32.804386,1.1956138610839844,1.1956138610839844
86,78.89848,7.1015167236328125,7.1015167236328125
85,80.98378,4.0162200927734375,4.0162200927734375
22,9.034616,12.965383529663086,12.965383529663086
12,21.209314,-9.209314346313477,-9.209314346313477
63,56.41853,6.581470489501953,6.581470489501953
64,76.4734,-12.473396301269531,-12.473396301269531
35,40.2597,-5.259700775146484,-5.259700775146484
24,27.870445,-3.8704452514648438,-3.8704452514648438
195,199.78636,-4.7863616943359375,-4.7863616943359375
142,136.4537,5.546295166015625,5.546295166015625
20,13.68377,6.316229820251465,6.316229820251465
165,166.91595,-1.91595458984375,-1.91595458984375
79,94.58228,-15.582283020019531,-15.582283020019531
18,10.9169855,7.083014488220215,7.083014488220215
119,101.928566,17.071434020996094,17.071434020996094
72,69.65943,2.3405685424804688,2.3405685424804688
13,6.916838,6.0831618309021,6.0831618309021
146,145.32753,0.6724700927734375,0.6724700927734375
105,108.14648,-3.1464767456054688,-3.1464767456054688
43,44.555435,-1.5554351806640625,-1.5554351806640625
27,32.020508,-5.0205078125,-5.0205078125
157,173.92381,-16.923812866210938,-16.923812866210938
72,68.078926,3.9210739135742188,3.9210739135742188
116,128.40181,-12.401809692382812,-12.401809692382812
107,95.93096,11.069038391113281,11.069038391113281
20,18.501219,1.4987812042236328,1.4987812042236328
44,52.328934,-8.328933715820312,-8.328933715820312
73,84.1897,-11.189697265625,-11.189697265625
48,34.197243,13.802757263183594,13.802757263183594
6,22.693201,-16.693201065063477,-16.693201065063477
67,54.04013,12.959869384765625,12.959869384765625
63,58.558662,4.441337585449219,4.441337585449219
13,29.629974,-16.629974365234375,-16.629974365234375
75,82.90563,-7.905632019042969,-7.905632019042969
138,160.12848,-22.12847900390625,-22.12847900390625
74,74.94787,-0.9478683471679688,-0.9478683471679688
33,40.364307,-7.364307403564453,-7.364307403564453
132,135.97229,-3.9722900390625,-3.9722900390625
18,29.71612,-11.716119766235352,-11.716119766235352
43,43.516045,-0.5160446166992188,-0.5160446166992188
82,91.54039,-9.540390014648438,-9.540390014648438
134,129.92546,4.0745391845703125,4.0745391845703125
85,62.808475,22.191524505615234,22.191524505615234
39,31.149302,7.850698471069336,7.850698471069336
162,155.89783,6.1021728515625,6.1021728515625
89,83.29595,5.704048156738281,5.704048156738281
26,23.517805,2.4821949005126953,2.4821949005126953
95,92.14037,2.8596267700195312,2.8596267700195312
33,36.682396,-3.6823959350585938,-3.6823959350585938
41,51.530434,-10.530433654785156,-10.530433654785156
13,3.840191,9.159809112548828,9.159809112548828
66,55.435707,10.564292907714844,10.564292907714844
65,58.87875,6.121250152587891,6.121250152587891
83,77.062454,5.9375457763671875,5.9375457763671875
40,31.734919,8.265081405639648,8.265081405639648
16,19.90072,-3.9007205963134766,-3.9007205963134766
146,139.89725,6.102752685546875,6.102752685546875
67,67.303185,-0.30318450927734375,-0.30318450927734375
59,63.67823,-4.678230285644531,-4.678230285644531
67,66.6703,0.3296966552734375,0.3296966552734375
58,57.72375,0.2762489318847656,0.2762489318847656
155,152.3707,2.629302978515625,2.629302978515625
167,158.79985,8.200149536132812,8.200149536132812
33,40.615738,-7.6157379150390625,-7.6157379150390625
55,58.83652,-3.8365211486816406,-3.8365211486816406
51,56.472633,-5.472633361816406,-5.472633361816406
109,100.55993,8.440071105957031,8.440071105957031
58,67.3651,-9.365097045898438,-9.365097045898438
78,84.86484,-6.864837646484375,-6.864837646484375
13,28.154734,-15.154733657836914,-15.154733657836914
0,7.540448,-7.540448188781738,-7.540448188781738
42,64.04173,-22.041732788085938,-22.041732788085938
0,7.8742485,-7.874248504638672,-7.874248504638672
118,114.33297,3.6670303344726562,3.6670303344726562
119,115.93489,3.0651092529296875,3.0651092529296875
71,68.67607,2.3239288330078125,2.3239288330078125
151,169.74892,-18.748916625976562,-18.748916625976562
35,50.321014,-15.321014404296875,-15.321014404296875
9,10.084804,-1.084803581237793,-1.084803581237793
193,176.59746,16.402542114257812,16.402542114257812
18,13.271538,4.728462219238281,4.728462219238281
28,24.719948,3.2800521850585938,3.2800521850585938
106,105.91126,0.08873748779296875,0.08873748779296875
0,15.200491,-15.200490951538086,-15.200490951538086
17,17.525888,-0.5258884429931641,-0.5258884429931641
65,74.52716,-9.52716064453125,-9.52716064453125
184,185.25198,-1.251983642578125,-1.251983642578125
48,37.75681,10.24319076538086,10.24319076538086
92,98.232635,-6.232635498046875,-6.232635498046875
40,48.764904,-8.764904022216797,-8.764904022216797
48,58.6549,-10.654899597167969,-10.654899597167969
142,112.39112,29.60887908935547,29.60887908935547
82,102.68784,-20.687843322753906,-20.687843322753906
120,122.49124,-2.491241455078125,-2.491241455078125
98,85.09185,12.908149719238281,12.908149719238281
102,84.43971,17.560287475585938,17.560287475585938
100,84.05148,15.948516845703125,15.948516845703125
78,64.79296,13.207038879394531,13.207038879394531
131,135.69489,-4.69488525390625,-4.69488525390625
80,78.930244,1.0697555541992188,1.0697555541992188
98,100.85249,-2.8524932861328125,-2.8524932861328125
108,92.95259,15.047409057617188,15.047409057617188
146,150.33786,-4.337860107421875,-4.337860107421875
73,80.6323,-7.632301330566406,-7.632301330566406
27,21.198324,5.801675796508789,5.801675796508789
41,68.72179,-27.721786499023438,-27.721786499023438
36,34.596573,1.4034271240234375,1.4034271240234375
156,162.71706,-6.7170562744140625,-6.7170562744140625
158,167.85036,-9.850357055664062,-9.850357055664062
103,99.53488,3.465118408203125,3.465118408203125
198,204.29607,-6.2960662841796875,-6.2960662841796875
43,37.49749,5.502510070800781,5.502510070800781
0,7.86337,-7.863369941711426,-7.863369941711426
195,193.75139,1.2486114501953125,1.2486114501953125
59,59.38854,-0.3885383605957031,-0.3885383605957031
65,50.06982,14.930179595947266,14.930179595947266
29,17.036459,11.963541030883789,11.963541030883789
10,9.895897,0.10410308837890625,0.10410308837890625
140,133.11362,6.886383056640625,6.886383056640625
69,79.45704,-10.457038879394531,-10.457038879394531
40,35.03327,4.966728210449219,4.966728210449219
79,68.0301,10.969902038574219,10.969902038574219
18,16.534363,1.46563720703125,1.46563720703125
40,46.143528,-6.143527984619141,-6.143527984619141
59,66.127426,-7.1274261474609375,-7.1274261474609375
167,175.58356,-8.58355712890625,-8.58355712890625
95,86.9896,8.010398864746094,8.010398864746094
109,109.255455,-0.25545501708984375,-0.25545501708984375
53,41.719486,11.280513763427734,11.280513763427734
88,89.2219,-1.2219009399414062,-1.2219009399414062
2,4.8966537,-2.896653652191162,-2.896653652191162
23,21.65146,1.3485393524169922,1.3485393524169922
59,63.927383,-4.9273834228515625,-4.9273834228515625
158,163.26097,-5.2609710693359375,-5.2609710693359375
80,78.99194,1.008056640625,1.008056640625
53,68.97336,-15.973358154296875,-15.973358154296875
11,12.781733,-1.7817325592041016,-1.7817325592041016
184,184.5928,-0.592803955078125,-0.592803955078125
64,66.46646,-2.466461181640625,-2.466461181640625
70,58.67669,11.323310852050781,11.323310852050781
36,55.873287,-19.873287200927734,-19.873287200927734
3,16.924908,-13.924907684326172,-13.924907684326172
155,175.21675,-20.216751098632812,-20.216751098632812
9,8.151886,0.848114013671875,0.848114013671875
7,3.7211576,3.2788424491882324,3.2788424491882324
32,23.064032,8.935968399047852,8.935968399047852
0,2.941694,-2.9416940212249756,-2.9416940212249756
177,185.71936,-8.7193603515625,-8.7193603515625
148,145.5882,2.41180419921875,2.41180419921875
8,16.932129,-8.93212890625,-8.93212890625
111,102.97254,8.027458190917969,8.027458190917969
13,18.775053,-5.775053024291992,-5.775053024291992
147,166.45023,-19.450225830078125,-19.450225830078125
77,70.211784,6.788215637207031,6.788215637207031
176,175.85512,0.1448822021484375,0.1448822021484375
153,145.00377,7.9962310791015625,7.9962310791015625
96,101.50961,-5.509613037109375,-5.509613037109375
164,157.21437,6.7856292724609375,6.7856292724609375
183,176.24619,6.753814697265625,6.753814697265625
191,181.78722,9.212783813476562,9.212783813476562
81,82.61651,-1.6165084838867188,-1.6165084838867188
134,142.46245,-8.462448120117188,-8.462448120117188
6,15.442876,-9.442875862121582,-9.442875862121582
7,27.286623,-20.286623001098633,-20.286623001098633
157,154.53505,2.4649505615234375,2.4649505615234375
148,126.772285,21.22771453857422,21.22771453857422
154,146.39693,7.6030731201171875,7.6030731201171875
33,24.258081,8.741918563842773,8.741918563842773
16,27.758858,-11.758857727050781,-11.758857727050781
27,31.052862,-4.052862167358398,-4.052862167358398
79,65.05098,13.949020385742188,13.949020385742188
142,159.17805,-17.178054809570312,-17.178054809570312
146,162.22098,-16.220977783203125,-16.220977783203125
33,39.12798,-6.127979278564453,-6.127979278564453
24,33.373505,-9.373504638671875,-9.373504638671875
48,42.50816,5.491840362548828,5.491840362548828
20,29.396603,-9.396602630615234,-9.396602630615234
67,66.09321,0.9067916870117188,0.9067916870117188
29,36.60758,-7.607578277587891,-7.607578277587891
119,109.31995,9.6800537109375,9.6800537109375
10,14.663293,-4.66329288482666,-4.66329288482666
90,101.11496,-11.114959716796875,-11.114959716796875
68,67.00393,0.9960708618164062,0.9960708618164062
156,138.883,17.11700439453125,17.11700439453125
172,168.69383,3.3061676025390625,3.3061676025390625
63,76.5806,-13.580596923828125,-13.580596923828125
48,54.589813,-6.589813232421875,-6.589813232421875
76,79.49247,-3.4924697875976562,-3.4924697875976562
37,50.511093,-13.511093139648438,-13.511093139648438
163,169.156,-6.156005859375,-6.156005859375
146,144.94571,1.054290771484375,1.054290771484375
142,150.91037,-8.910369873046875,-8.910369873046875
81,69.84543,11.154571533203125,11.154571533203125
174,170.6427,3.3572998046875,3.3572998046875
47,60.584904,-13.584903717041016,-13.584903717041016
69,70.30398,-1.3039779663085938,-1.3039779663085938
20,20.619099,-0.6190986633300781,-0.6190986633300781
15,5.383521,9.61647891998291,9.61647891998291
148,135.13425,12.865753173828125,12.865753173828125
156,159.29117,-3.291168212890625,-3.291168212890625
172,155.78262,16.217376708984375,16.217376708984375
70,85.98763,-15.987632751464844,-15.987632751464844
17,24.033768,-7.0337677001953125,-7.0337677001953125
69,58.773296,10.226703643798828,10.226703643798828
0,13.635022,-13.635022163391113,-13.635022163391113
166,178.7303,-12.730300903320312,-12.730300903320312
59,52.343906,6.656093597412109,6.656093597412109
102,97.77479,4.225212097167969,4.225212097167969
29,35.588078,-6.588077545166016,-6.588077545166016
87,108.01381,-21.013809204101562,-21.013809204101562
67,71.131294,-4.131294250488281,-4.131294250488281
36,37.933807,-1.933807373046875,-1.933807373046875
136,154.60936,-18.609359741210938,-18.609359741210938
33,33.288555,-0.2885551452636719,-0.2885551452636719
83,89.83585,-6.835853576660156,-6.835853576660156
63,77.90993,-14.909927368164062,-14.909927368164062
57,70.24586,-13.245857238769531,-13.245857238769531
65,60.082497,4.917503356933594,4.917503356933594
154,164.72388,-10.723876953125,-10.723876953125
19,31.284723,-12.284723281860352,-12.284723281860352
29,47.311974,-18.311973571777344,-18.311973571777344
78,79.806755,-1.8067550659179688,-1.8067550659179688
20,17.845081,2.154918670654297,2.154918670654297
123,116.55772,6.442283630371094,6.442283630371094
57,50.05203,6.947971343994141,6.947971343994141
